t,front,rear,left,right,zone_front,zone_rear,zone_left,zone_right,fall,fall_edge,ir_front,ir_rear,ir_left_front,ir_left_rear,ir_right_front,ir_right_rear,ir_valid,diff,state,reason,left_cmd,right_cmd,healthy
0.0,0.0,0.0,0.0,0.0,-1.8122,-1.7386,-1.2758,-2.3862,0,0,1,1,1,1,1,1,1,0.0,SENSOR_STOP,传感器无效或数据过期,0,0,0
0.02,537.0,729.0,374.0,1035.0,-1.0816,-0.9444,-0.7549,-1.3058,0,0,0,0,1,1,0,0,1,-9.0,SENSOR_STOP,传感器无效或数据过期,0,0,1
0.041,538.0,731.0,374.0,1037.0,-0.351,-0.1503,-0.234,-0.2255,1,0,0,0,1,1,0,0,1,-7.0,SENSOR_STOP,传感器无效或数据过期,0,0,1
0.061,537.0,730.0,373.0,1036.0,-0.351,-0.1481,-0.234,-0.2234,1,0,0,0,1,1,0,0,1,-7.0,SENSOR_STOP,传感器无效或数据过期,0,0,1
0.081,536.0,728.0,372.0,1034.0,-0.351,-0.1481,-0.2368,-0.2234,1,1,0,0,1,1,0,0,1,41.0,TURN_LEFT_90,左侧红外亮，左转 90 度,-500,500,1
0.101,536.0,729.0,373.0,1034.0,-0.3537,-0.1503,-0.2368,-0.2276,1,0,0,0,1,1,0,0,1,-8.0,TURN_LEFT_90,左侧红外亮，左转 90 度,-500,500,1
0.121,538.0,731.0,374.0,1037.0,-0.3537,-0.1503,-0.2368,-0.2276,1,0,0,0,1,1,0,0,1,-6.0,TURN_LEFT_90,左侧红外亮，左转 90 度,-500,500,1
0.141,538.0,731.0,374.0,1038.0,-0.3483,-0.146,-0.234,-0.2213,1,0,0,0,1,1,0,0,1,45.0,TURN_LEFT_90,左侧红外亮，左转 90 度,-500,500,1
0.161,539.0,732.0,375.0,1039.0,-0.3483,-0.146,-0.234,-0.2192,1,0,0,0,1,1,0,0,1,-4.0,TURN_LEFT_90,左侧红外亮，左转 90 度,-500,500,1
0.181,538.0,731.0,374.0,1038.0,-0.3483,-0.146,-0.234,-0.2192,1,0,0,0,1,1,0,0,1,-7.0,TURN_LEFT_90,左侧红外亮，左转 90 度,-500,500,1
0.201,537.0,731.0,374.0,1036.0,-0.3483,-0.146,-0.234,-0.2192,1,0,0,0,1,1,0,0,1,-6.0,TURN_LEFT_90,左侧红外亮，左转 90 度,-500,500,1
0.222,538.0,731.0,375.0,1037.0,-0.3483,-0.146,-0.234,-0.2213,1,0,0,0,1,1,0,0,1,-5.0,TURN_LEFT_90,左侧红外亮，左转 90 度,-500,500,1
0.242,539.0,731.0,374.0,1038.0,-0.3483,-0.146,-0.234,-0.2213,1,0,0,0,1,1,0,0,1,-6.0,TURN_LEFT_90,左侧红外亮，左转 90 度,-500,500,1
0.262,536.0,727.0,371.0,1034.0,-0.3483,-0.146,-0.234,-0.2213,1,0,0,0,1,1,0,0,1,17.0,TURN_LEFT_90,左侧红外亮，左转 90 度,-500,500,1
0.282,539.0,728.0,371.0,1041.0,-0.3456,-0.1525,-0.2423,-0.2192,1,0,0,0,1,1,0,0,1,1.0,TURN_LEFT_90,左侧红外亮，左转 90 度,-500,500,1
0.302,537.0,726.0,371.0,1040.0,-0.351,-0.1547,-0.2423,-0.215,1,0,0,0,1,1,0,0,1,-7.0,TURN_LEFT_90,左侧红外亮，左转 90 度,-500,500,1
0.322,535.0,726.0,370.0,1040.0,-0.351,-0.1569,-0.2423,-0.215,1,0,0,0,1,1,0,0,1,-8.0,TURN_LEFT_90,左侧红外亮，左转 90 度,-500,500,1
0.342,532.0,725.0,370.0,1041.0,-0.3565,-0.1569,-0.2451,-0.215,1,0,0,0,1,1,0,0,1,-3.0,TURN_LEFT_90,左侧红外亮，左转 90 度,-500,500,1
0.362,533.0,724.0,371.0,1043.0,-0.3619,-0.159,-0.2451,-0.2129,1,0,0,0,1,1,0,0,1,-3.0,TURN_LEFT_90,左侧红外亮，左转 90 度,-500,500,1
0.382,533.0,724.0,373.0,1044.0,-0.3619,-0.1612,-0.2423,-0.2088,1,0,0,0,1,1,0,0,1,-6.0,TURN_LEFT_90,左侧红外亮，左转 90 度,-500,500,1
0.402,531.0,721.0,380.0,1038.0,-0.3619,-0.1612,-0.2368,-0.2088,1,0,0,0,1,1,0,0,1,-6.0,TURN_LEFT_90,左侧红外亮，左转 90 度,-500,500,1
0.422,533.0,722.0,386.0,1038.0,-0.3619,-0.1656,-0.2173,-0.2192,1,0,0,0,1,1,0,0,1,-6.0,TURN_LEFT_90,左侧红外亮，左转 90 度,-500,500,1
0.442,532.0,720.0,387.0,1034.0,-0.3646,-0.1678,-0.2006,-0.2192,1,0,0,0,1,1,0,0,1,-6.0,TURN_LEFT_90,左侧红外亮，左转 90 度,-500,500,1
0.463,534.0,714.0,380.0,1041.0,-0.3619,-0.1699,-0.2006,-0.2192,1,0,0,0,1,1,0,0,1,-5.0,TURN_LEFT_90,左侧红外亮，左转 90 度,-500,500,1
0.483,537.0,711.0,370.0,1045.0,-0.3592,-0.183,-0.2173,-0.2129,1,0,0,0,1,1,0,0,1,22.0,TURN_LEFT_90,左侧红外亮，左转 90 度,-500,500,1
0.503,540.0,705.0,361.0,1050.0,-0.351,-0.1895,-0.2451,-0.2046,1,0,0,0,1,1,0,0,1,-4.0,TURN_LEFT_90,左侧红外亮，左转 90 度,-500,500,1
0.523,546.0,700.0,360.0,1049.0,-0.3429,-0.2026,-0.2702,-0.1962,1,0,0,0,1,1,0,0,1,-9.0,TURN_LEFT_90,左侧红外亮，左转 90 度,-500,500,1
0.543,552.0,696.0,360.0,1049.0,-0.3265,-0.2135,-0.273,-0.1962,1,0,0,0,1,1,0,0,1,32.0,TURN_LEFT_90,左侧红外亮，左转 90 度,-500,500,1
0.563,557.0,694.0,357.0,1049.0,-0.3102,-0.2222,-0.273,-0.1962,1,0,0,0,1,1,0,0,1,18.0,TURN_LEFT_90,左侧红外亮，左转 90 度,-500,500,1
0.583,562.0,695.0,355.0,1051.0,-0.2966,-0.2244,-0.2813,-0.1962,1,0,0,0,1,1,0,0,1,11.0,TURN_LEFT_90,左侧红外亮，左转 90 度,-500,500,1
0.603,562.0,691.0,350.0,1044.0,-0.283,-0.2266,-0.2869,-0.1962,1,0,0,0,1,1,0,0,1,94.0,TURN_LEFT_90,左侧红外亮，左转 90 度,-500,500,1
0.623,562.0,691.0,350.0,1044.0,-0.283,-0.2331,-0.3008,-0.2067,1,0,0,0,1,1,0,0,1,94.0,TURN_LEFT_90,左侧红外亮，左转 90 度,-500,500,1
0.643,560.0,693.0,351.0,1034.0,-0.283,-0.2331,-0.3008,-0.2067,1,0,0,0,1,0,0,0,1,179.0,TURN_LEFT_90,左侧红外亮，左转 90 度,-500,500,1
0.663,560.0,693.0,352.0,1030.0,-0.2884,-0.2288,-0.2981,-0.2276,1,0,0,0,1,0,0,0,1,317.0,TURN_LEFT_90,左侧红外亮，左转 90 度,-500,500,1
0.684,557.0,689.0,351.0,1021.0,-0.2884,-0.2288,-0.2981,-0.2359,1,0,0,0,1,0,0,0,1,178.0,TURN_LEFT_90,左侧红外亮，左转 90 度,-500,500,1
0.704,559.0,691.0,354.0,1012.0,-0.2912,-0.2331,-0.2953,-0.2547,1,0,0,0,1,0,0,0,1,178.0,TURN_LEFT_90,左侧红外亮，左转 90 度,-500,500,1
0.724,558.0,689.0,352.0,1003.0,-0.2939,-0.2375,-0.2953,-0.2735,1,0,0,0,1,0,0,0,1,196.0,TURN_LEFT_90,左侧红外亮，左转 90 度,-500,500,1
0.746,556.0,690.0,355.0,1001.0,-0.2939,-0.2353,-0.2897,-0.2923,1,0,0,0,1,0,0,0,1,212.0,TURN_LEFT_90,左侧红外亮，左转 90 度,-500,500,1
0.766,556.0,689.0,356.0,1011.0,-0.2993,-0.2375,-0.2869,-0.2923,1,0,0,0,1,0,0,0,1,244.0,TURN_LEFT_90,左侧红外亮，左转 90 度,-500,500,1
0.786,553.0,690.0,358.0,1014.0,-0.2993,-0.2353,-0.2841,-0.2756,1,0,0,0,1,0,0,0,1,294.0,TURN_LEFT_90,左侧红外亮，左转 90 度,-500,500,1
0.806,554.0,689.0,360.0,1010.0,-0.3048,-0.2375,-0.2786,-0.2756,1,0,0,0,1,0,0,0,1,309.0,TURN_LEFT_90,左侧红外亮，左转 90 度,-500,500,1
0.826,554.0,685.0,361.0,1002.0,-0.3048,-0.2375,-0.273,-0.2777,1,0,1,0,1,0,0,0,1,260.0,ADC_CORRECT,转向中前头红外亮，停转进矫正,0,0,1
0.846,555.0,688.0,361.0,1005.0,-0.3048,-0.2397,-0.2702,-0.2881,1,0,1,0,1,0,0,0,1,293.0,ADC_CORRECT,ADC 中值滤波准备中,0,0,1
0.866,558.0,690.0,362.0,1006.0,-0.302,-0.2397,-0.2702,-0.2881,1,0,1,0,1,0,0,0,1,261.0,ADC_CORRECT,ADC 中值滤波准备中,0,0,1
0.886,561.0,690.0,361.0,1011.0,-0.2939,-0.2353,-0.2702,-0.286,1,0,1,0,1,0,0,0,1,374.0,ADC_CORRECT,ADC 中值滤波准备中,0,0,1
0.907,561.0,694.0,362.0,1012.0,-0.2857,-0.2353,-0.2674,-0.2756,1,0,1,0,1,0,0,0,1,635.0,ADC_CORRECT,ADC 中值滤波准备中,0,0,1
0.927,561.0,692.0,360.0,1014.0,-0.2857,-0.2309,-0.2702,-0.2735,1,0,1,0,1,0,0,0,1,573.0,ADC_CORRECT,ADC 中值滤波准备中,0,0,1
0.947,561.0,693.0,357.0,1016.0,-0.2857,-0.2288,-0.273,-0.2693,1,0,1,0,1,0,0,0,1,310.0,ADC_CORRECT,ADC 中值滤波准备中,0,0,1
0.967,562.0,693.0,358.0,1019.0,-0.2857,-0.2288,-0.2786,-0.2651,1,0,1,0,1,0,0,0,1,342.0,ADC_CORRECT,ADC 中值滤波准备中,0,0,1
0.987,561.0,694.0,358.0,1020.0,-0.2857,-0.2288,-0.2786,-0.2589,1,0,1,0,1,0,0,0,1,245.0,ADC_CORRECT,ADC 中值滤波准备中,0,0,1
1.007,564.0,695.0,358.0,1024.0,-0.283,-0.2266,-0.2786,-0.2568,1,0,1,0,1,0,0,0,1,441.0,ADC_APPROACH,ADC 信号弱 365，靠墙脉冲 1/3,400,400,1
1.032,564.0,695.0,358.0,1024.0,-0.2776,-0.2244,-0.2786,-0.2484,1,0,1,0,1,0,0,0,1,441.0,ADC_APPROACH,ADC 信号弱 365，靠墙脉冲 1/3,400,400,1
1.052,564.0,695.0,357.0,1024.0,-0.2776,-0.2244,-0.2786,-0.2484,1,0,1,0,1,0,0,0,1,390.0,ADC_APPROACH,ADC 信号弱 365，靠墙脉冲 1/3,400,400,1
1.072,567.0,697.0,360.0,1028.0,-0.2776,-0.2244,-0.2786,-0.2484,1,0,1,0,1,0,0,0,1,392.0,ADC_APPROACH,ADC 信号弱 365，靠墙脉冲 1/3,400,400,1
1.092,566.0,694.0,358.0,1026.0,-0.2721,-0.2244,-0.2786,-0.2443,1,0,1,0,1,0,0,0,1,522.0,ADC_APPROACH,ADC 信号弱 365，靠墙脉冲 1/3,400,400,1
1.112,565.0,694.0,358.0,1025.0,-0.2721,-0.2266,-0.2786,-0.2443,1,0,1,0,1,0,0,0,1,344.0,ADC_APPROACH,ADC 信号弱 365，靠墙脉冲 1/3,400,400,1
1.132,566.0,694.0,358.0,1025.0,-0.2721,-0.2266,-0.2786,-0.2463,1,0,1,0,1,0,0,0,1,294.0,ADC_APPROACH,ADC 信号弱 365，靠墙脉冲 1/3,400,400,1
1.152,566.0,695.0,359.0,1025.0,-0.2721,-0.2266,-0.2786,-0.2463,1,0,1,0,1,0,0,0,1,391.0,ADC_APPROACH,ADC 信号弱 365，靠墙脉冲 1/3,400,400,1
1.172,566.0,697.0,359.0,1026.0,-0.2721,-0.2244,-0.2758,-0.2463,1,0,1,0,1,0,0,0,1,365.0,ADC_APPROACH,ADC 信号弱 365，靠墙脉冲 1/3,400,400,1
1.193,565.0,698.0,358.0,1027.0,-0.2721,-0.22,-0.2758,-0.2443,1,0,1,0,1,0,0,0,1,439.0,ADC_APPROACH,ADC 信号弱 365，靠墙脉冲 1/3,400,400,1
1.213,566.0,704.0,361.0,1031.0,-0.2721,-0.2179,-0.2758,-0.2422,1,0,1,0,1,0,0,0,1,339.0,ADC_CORRECT,靠墙脉冲完成，重新采样,0,0,1
1.233,568.0,707.0,362.0,1035.0,-0.2721,-0.2048,-0.2702,-0.2338,1,0,1,0,1,0,0,0,1,358.0,ADC_CORRECT,ADC 中值滤波准备中,0,0,1
1.253,570.0,711.0,364.0,1040.0,-0.2667,-0.1983,-0.2674,-0.2255,1,0,1,0,1,0,0,0,1,359.0,ADC_CORRECT,ADC 中值滤波准备中,0,0,1
1.273,570.0,713.0,365.0,1043.0,-0.2612,-0.1895,-0.2618,-0.215,1,0,1,0,1,0,0,0,1,407.0,ADC_CORRECT,ADC 中值滤波准备中,0,0,1
1.293,571.0,715.0,365.0,1050.0,-0.2612,-0.1852,-0.2591,-0.2088,1,0,1,0,1,0,0,0,1,588.0,ADC_CORRECT,ADC 中值滤波准备中,0,0,1
1.313,573.0,714.0,366.0,1054.0,-0.2585,-0.183,-0.2591,-0.1942,1,0,1,0,1,0,0,0,1,423.0,ADC_CORRECT,ADC 中值滤波准备中,0,0,1
1.333,573.0,710.0,367.0,1056.0,-0.2531,-0.183,-0.2563,-0.1858,1,0,1,0,1,0,0,0,1,455.0,ADC_CORRECT,ADC 中值滤波准备中,0,0,1
1.353,572.0,709.0,367.0,1057.0,-0.2531,-0.1917,-0.2535,-0.1816,1,0,1,0,1,0,0,0,1,375.0,ADC_CORRECT,ADC 中值滤波准备中,0,0,1
1.374,572.0,709.0,367.0,1057.0,-0.2558,-0.1939,-0.2535,-0.1795,1,0,1,0,1,0,0,0,1,292.0,ADC_CORRECT,ADC 中值滤波准备中,0,0,1
1.394,572.0,708.0,366.0,1055.0,-0.2558,-0.1939,-0.2535,-0.1795,1,0,1,0,1,0,0,0,1,374.0,ADC_CORRECT,ADC 正对确认 1/3，diff=375,0,0,1
1.414,573.0,709.0,367.0,1054.0,-0.2558,-0.1939,-0.2535,-0.1837,1,0,1,0,1,0,0,0,1,472.0,ADC_CORRECT,ADC 正对确认 2/3，diff=409,0,0,1
1.434,574.0,710.0,367.0,1056.0,-0.2531,-0.1939,-0.2535,-0.1837,1,0,1,0,1,0,0,0,1,668.0,REVERSE,ADC 矫正完成，倒车,-400,-400,1
1.454,574.0,711.0,368.0,1057.0,-0.2503,-0.1917,-0.2535,-0.1816,1,0,1,0,1,0,0,0,1,424.0,REVERSE,ADC 矫正完成，倒车,-400,-400,1
1.474,572.0,709.0,367.0,1054.0,-0.2503,-0.1917,-0.2535,-0.1816,1,0,1,0,1,0,0,0,1,603.0,REVERSE,ADC 矫正完成，倒车,-400,-400,1
1.494,574.0,710.0,368.0,1056.0,-0.2503,-0.1917,-0.2507,-0.1816,1,0,1,0,1,0,0,0,1,375.0,REVERSE,ADC 矫正完成，倒车,-400,-400,1
1.514,573.0,711.0,368.0,1056.0,-0.2531,-0.1917,-0.2507,-0.1816,1,0,1,0,1,0,0,0,1,294.0,REVERSE,ADC 矫正完成，倒车,-400,-400,1
1.535,573.0,710.0,368.0,1056.0,-0.2531,-0.1917,-0.2507,-0.1816,1,0,1,0,1,0,0,0,1,441.0,REVERSE,ADC 矫正完成，倒车,-400,-400,1
1.555,573.0,710.0,367.0,1054.0,-0.2531,-0.1917,-0.2507,-0.1816,1,0,1,0,1,0,0,0,1,403.0,REVERSE,ADC 矫正完成，倒车,-400,-400,1
1.575,573.0,710.0,367.0,1054.0,-0.2531,-0.1917,-0.2535,-0.1858,1,0,1,0,1,0,0,0,1,403.0,REVERSE,ADC 矫正完成，倒车,-400,-400,1
1.595,573.0,711.0,368.0,1056.0,-0.2531,-0.1917,-0.2535,-0.1858,1,0,1,0,1,0,0,0,1,669.0,REVERSE,ADC 矫正完成，倒车,-400,-400,1
1.615,572.0,709.0,368.0,1053.0,-0.2531,-0.1917,-0.2507,-0.1858,1,0,1,0,1,0,0,0,1,376.0,REVERSE,ADC 矫正完成，倒车,-400,-400,1
1.635,573.0,711.0,368.0,1056.0,-0.2531,-0.1895,-0.2507,-0.1816,1,0,1,0,1,0,0,0,1,405.0,REVERSE,ADC 矫正完成，倒车,-400,-400,1
1.656,576.0,715.0,369.0,1057.0,-0.2531,-0.1895,-0.2507,-0.1816,1,0,1,0,1,0,0,0,1,349.0,REVERSE,ADC 矫正完成，倒车,-400,-400,1
1.676,572.0,716.0,368.0,1053.0,-0.2531,-0.1808,-0.2507,-0.1816,1,0,1,0,1,0,0,0,1,407.0,REVERSE,ADC 矫正完成，倒车,-400,-400,1
1.696,574.0,710.0,367.0,1048.0,-0.2503,-0.1808,-0.2507,-0.1879,1,0,1,0,1,0,0,0,1,422.0,REVERSE,ADC 矫正完成，倒车,-400,-400,1
1.716,575.0,705.0,368.0,1046.0,-0.2503,-0.1917,-0.2507,-0.1983,1,0,1,0,1,0,0,0,1,408.0,REVERSE,ADC 矫正完成，倒车,-400,-400,1
1.736,570.0,696.0,363.0,1032.0,-0.2503,-0.2026,-0.2535,-0.2025,1,0,1,0,1,0,0,0,1,347.0,REVERSE,ADC 矫正完成，倒车,-400,-400,1
1.756,566.0,701.0,364.0,1030.0,-0.2612,-0.2113,-0.2618,-0.2317,1,0,1,0,1,0,0,0,1,344.0,REVERSE,ADC 矫正完成，倒车,-400,-400,1
1.776,560.0,716.0,362.0,1037.0,-0.2721,-0.2113,-0.2646,-0.2317,1,0,1,0,1,0,0,0,1,277.0,REVERSE,ADC 矫正完成，倒车,-400,-400,1
1.797,552.0,726.0,361.0,1038.0,-0.2884,-0.1786,-0.2674,-0.2213,1,0,1,0,1,0,0,0,1,326.0,REVERSE,ADC 矫正完成，倒车,-400,-400,1
1.817,551.0,729.0,364.0,1016.0,-0.3102,-0.1569,-0.2674,-0.2213,1,0,1,0,1,0,0,0,1,344.0,REVERSE,ADC 矫正完成，倒车,-400,-400,1
1.837,553.0,734.0,364.0,1006.0,-0.3102,-0.1503,-0.2618,-0.2651,1,0,1,0,1,0,0,0,1,605.0,REVERSE,ADC 矫正完成，倒车,-400,-400,1
1.857,553.0,733.0,361.0,1029.0,-0.3075,-0.1416,-0.2618,-0.2651,1,0,1,0,1,0,0,0,1,247.0,REVERSE,ADC 矫正完成，倒车,-400,-400,1
1.877,554.0,735.0,366.0,1060.0,-0.3075,-0.1394,-0.2618,-0.238,1,0,1,0,0,0,0,0,1,342.0,REVERSE,ADC 矫正完成，倒车,-400,-400,1
1.897,548.0,728.0,364.0,1030.0,-0.3075,-0.1416,-0.2618,-0.2359,1,0,1,0,0,0,0,0,1,260.0,REVERSE,ADC 矫正完成，倒车,-400,-400,1
1.917,536.0,730.0,363.0,1025.0,-0.3211,-0.1481,-0.2618,-0.2359,1,0,1,0,0,0,0,0,1,146.0,REVERSE,ADC 矫正完成，倒车,-400,-400,1
1.937,527.0,732.0,358.0,1040.0,-0.3537,-0.1481,-0.2646,-0.2359,1,0,1,0,0,0,0,0,1,294.0,REVERSE,ADC 矫正完成，倒车,-400,-400,1
1.957,520.0,739.0,357.0,1014.0,-0.3782,-0.1438,-0.2786,-0.2463,1,0,1,0,0,0,0,0,1,325.0,REVERSE,ADC 矫正完成，倒车,-400,-400,1
1.977,511.0,745.0,357.0,1006.0,-0.3973,-0.1285,-0.2813,-0.2693,1,0,0,0,0,0,0,0,1,521.0,SAFE_STOP,倒车完成（前头红外无值）,0,0,1
1.997,507.0,745.0,356.0,1017.0,-0.4218,-0.1155,-0.2813,-0.2693,1,0,0,0,0,0,0,0,1,212.0,SAFE_STOP,倒车完成（前头红外无值）,0,0,1
2.017,502.0,738.0,355.0,1026.0,-0.4327,-0.1155,-0.2841,-0.263,1,0,0,0,0,0,0,0,1,529.0,SAFE_STOP,倒车完成（前头红外无值）,0,0,1
2.038,499.0,727.0,350.0,1024.0,-0.4463,-0.1307,-0.2869,-0.2484,1,0,0,0,0,0,0,0,1,205.0,SAFE_STOP,倒车完成（前头红外无值）,0,0,1
2.058,506.0,732.0,348.0,1031.0,-0.4463,-0.1438,-0.3008,-0.2443,1,0,0,0,0,0,0,0,1,213.0,SAFE_STOP,倒车完成（前头红外无值）,0,0,1
2.078,500.0,742.0,350.0,1019.0,-0.4517,-0.1438,-0.3008,-0.2484,1,0,0,0,0,0,0,0,1,229.0,SAFE_STOP,倒车完成（前头红外无值）,0,0,1
2.098,495.0,746.0,348.0,1016.0,-0.4517,-0.122,-0.3064,-0.2589,1,0,0,0,0,0,0,0,1,10.0,SAFE_STOP,倒车完成（前头红外无值）,0,0,1
2.118,501.0,744.0,347.0,1024.0,-0.4517,-0.1176,-0.3064,-0.2589,1,0,0,0,0,0,0,0,1,171.0,SAFE_STOP,倒车完成（前头红外无值）,0,0,1
2.138,508.0,741.0,349.0,1026.0,-0.449,-0.1176,-0.3064,-0.2484,1,0,0,0,0,0,0,0,1,162.0,SAFE_STOP,倒车完成（前头红外无值）,0,0,1
2.158,511.0,739.0,351.0,1020.0,-0.4299,-0.1242,-0.3036,-0.2484,1,0,0,0,0,0,0,0,1,308.0,SAFE_STOP,倒车完成（前头红外无值）,0,0,1
2.178,514.0,740.0,353.0,1024.0,-0.4218,-0.1264,-0.2981,-0.2484,1,0,0,0,0,0,0,0,1,195.0,SAFE_STOP,倒车完成（前头红外无值）,0,0,1
2.198,515.0,740.0,352.0,1020.0,-0.4136,-0.1264,-0.2953,-0.2568,1,0,0,0,0,0,0,0,1,146.0,SAFE_STOP,倒车完成（前头红外无值）,0,0,1
2.218,515.0,740.0,352.0,1020.0,-0.4109,-0.1264,-0.2953,-0.2568,1,0,0,0,0,0,0,0,1,146.0,SAFE_STOP,倒车完成（前头红外无值）,0,0,1
2.238,517.0,741.0,352.0,1024.0,-0.4109,-0.1264,-0.2953,-0.2568,1,0,0,0,0,0,0,0,1,261.0,SAFE_STOP,倒车完成（前头红外无值）,0,0,1
2.259,518.0,742.0,354.0,1024.0,-0.4054,-0.1242,-0.2953,-0.2484,1,0,0,0,0,0,0,0,1,168.0,SAFE_STOP,倒车完成（前头红外无值）,0,0,1
2.279,518.0,742.0,353.0,1024.0,-0.4027,-0.122,-0.2925,-0.2484,1,0,0,0,0,0,0,0,1,195.0,SAFE_STOP,倒车完成（前头红外无值）,0,0,1
2.299,518.0,742.0,354.0,1025.0,-0.4027,-0.122,-0.2897,-0.2484,1,0,0,0,0,0,0,0,1,196.0,SAFE_STOP,倒车完成（前头红外无值）,0,0,1
2.319,519.0,742.0,354.0,1025.0,-0.4027,-0.122,-0.2897,-0.2463,1,0,0,0,0,0,0,0,1,11.0,SAFE_STOP,倒车完成（前头红外无值）,0,0,1
2.339,518.0,742.0,354.0,1025.0,-0.4027,-0.122,-0.2897,-0.2463,1,0,0,0,0,0,0,0,1,178.0,SAFE_STOP,倒车完成（前头红外无值）,0,0,1
2.359,518.0,743.0,353.0,1024.0,-0.4027,-0.122,-0.2897,-0.2463,1,0,0,0,0,0,0,0,1,163.0,SAFE_STOP,倒车完成（前头红外无值）,0,0,1
2.379,519.0,743.0,354.0,1026.0,-0.4027,-0.1198,-0.2897,-0.2463,1,0,0,0,0,0,0,0,1,421.0,SAFE_STOP,倒车完成（前头红外无值）,0,0,1
2.399,517.0,741.0,353.0,1024.0,-0.4027,-0.1198,-0.2925,-0.2484,1,0,0,0,0,0,0,0,1,168.0,SAFE_STOP,倒车完成（前头红外无值）,0,0,1
2.419,518.0,742.0,353.0,1025.0,-0.4027,-0.122,-0.2925,-0.2463,1,0,0,0,0,0,0,0,1,178.0,SAFE_STOP,倒车完成（前头红外无值）,0,0,1
2.44,519.0,744.0,354.0,1026.0,-0.4027,-0.122,-0.2925,-0.2463,1,0,0,0,0,0,0,0,1,310.0,SAFE_STOP,倒车完成（前头红外无值）,0,0,1
2.46,519.0,743.0,354.0,1026.0,-0.4,-0.1198,-0.2897,-0.2443,1,0,0,0,0,0,0,0,1,63.0,SAFE_STOP,倒车完成（前头红外无值）,0,0,1
2.48,518.0,742.0,353.0,1024.0,-0.4,-0.1198,-0.2897,-0.2443,1,0,0,0,0,0,0,0,1,162.0,SAFE_STOP,倒车完成（前头红外无值）,0,0,1
2.5,518.0,744.0,354.0,1027.0,-0.4027,-0.1198,-0.2897,-0.2443,1,0,0,0,0,0,0,0,1,163.0,SAFE_STOP,倒车完成（前头红外无值）,0,0,1
2.52,518.0,744.0,354.0,1027.0,-0.4027,-0.1176,-0.2897,-0.2422,1,0,0,0,0,0,0,0,1,129.0,SAFE_STOP,倒车完成（前头红外无值）,0,0,1
2.54,518.0,743.0,354.0,1026.0,-0.4027,-0.1176,-0.2897,-0.2422,1,0,0,0,0,0,0,0,1,195.0,SAFE_STOP,倒车完成（前头红外无值）,0,0,1
2.56,518.0,744.0,354.0,1027.0,-0.4027,-0.1176,-0.2897,-0.2422,1,0,0,0,0,0,0,0,1,145.0,SAFE_STOP,倒车完成（前头红外无值）,0,0,1
2.581,518.0,744.0,354.0,1027.0,-0.4027,-0.1176,-0.2897,-0.2422,1,0,0,0,0,0,0,0,1,195.0,SAFE_STOP,倒车完成（前头红外无值）,0,0,1
2.601,518.0,744.0,354.0,1027.0,-0.4027,-0.1176,-0.2897,-0.2422,1,0,0,0,0,0,0,0,1,195.0,SAFE_STOP,倒车完成（前头红外无值）,0,0,1
2.621,518.0,744.0,353.0,1026.0,-0.4027,-0.1176,-0.2897,-0.2422,1,0,0,0,0,0,0,0,1,168.0,SAFE_STOP,倒车完成（前头红外无值）,0,0,1
2.641,519.0,744.0,354.0,1025.0,-0.4027,-0.1176,-0.2897,-0.2443,1,0,0,0,0,0,0,0,1,153.0,SAFE_STOP,倒车完成（前头红外无值）,0,0,1
2.661,519.0,744.0,354.0,1027.0,-0.4,-0.1176,-0.2897,-0.2443,1,0,0,0,0,0,0,0,1,212.0,SAFE_STOP,倒车完成（前头红外无值）,0,0,1
2.681,518.0,744.0,354.0,1027.0,-0.4,-0.1176,-0.2897,-0.2422,1,0,0,0,0,0,0,0,1,196.0,SAFE_STOP,倒车完成（前头红外无值）,0,0,1
2.701,518.0,744.0,354.0,1026.0,-0.4027,-0.1176,-0.2897,-0.2422,1,0,0,0,0,0,0,0,1,144.0,SAFE_STOP,倒车完成（前头红外无值）,0,0,1
2.722,518.0,744.0,354.0,1026.0,-0.4027,-0.1176,-0.2897,-0.2443,1,0,0,0,0,0,0,0,1,150.0,SAFE_STOP,倒车完成（前头红外无值）,0,0,1
2.742,518.0,744.0,354.0,1026.0,-0.4027,-0.1176,-0.2897,-0.2443,1,0,0,0,0,0,0,0,1,64.0,SAFE_STOP,倒车完成（前头红外无值）,0,0,1
2.762,519.0,746.0,354.0,1027.0,-0.4027,-0.1176,-0.2897,-0.2443,1,0,0,0,0,0,0,0,1,212.0,SAFE_STOP,倒车完成（前头红外无值）,0,0,1
2.782,518.0,744.0,354.0,1027.0,-0.4027,-0.1176,-0.2897,-0.2422,1,0,0,0,0,0,0,0,1,162.0,SAFE_STOP,倒车完成（前头红外无值）,0,0,1
2.802,518.0,744.0,353.0,1026.0,-0.4027,-0.1176,-0.2897,-0.2422,1,0,0,0,0,0,0,0,1,489.0,SAFE_STOP,倒车完成（前头红外无值）,0,0,1
2.822,518.0,745.0,354.0,1028.0,-0.4027,-0.1176,-0.2897,-0.2422,1,0,0,0,0,0,0,0,1,161.0,SAFE_STOP,倒车完成（前头红外无值）,0,0,1
2.842,518.0,745.0,354.0,1027.0,-0.4027,-0.1155,-0.2897,-0.2422,1,0,0,0,0,0,0,0,1,309.0,SAFE_STOP,倒车完成（前头红外无值）,0,0,1
2.862,518.0,745.0,353.0,1028.0,-0.4027,-0.1155,-0.2897,-0.2401,1,0,0,0,0,0,0,0,1,179.0,SAFE_STOP,倒车完成（前头红外无值）,0,0,1
2.882,518.0,744.0,354.0,1027.0,-0.4027,-0.1155,-0.2897,-0.2422,1,0,0,0,0,0,0,0,1,7.0,SAFE_STOP,倒车完成（前头红外无值）,0,0,1
2.903,517.0,744.0,353.0,1027.0,-0.4027,-0.1176,-0.2925,-0.2422,1,0,0,0,0,0,0,0,1,183.0,SAFE_STOP,倒车完成（前头红外无值）,0,0,1
2.923,518.0,744.0,352.0,1027.0,-0.4027,-0.1176,-0.2925,-0.2422,1,0,0,0,0,0,0,0,1,146.0,SAFE_STOP,倒车完成（前头红外无值）,0,0,1
2.943,517.0,745.0,354.0,1029.0,-0.4054,-0.1176,-0.2925,-0.2422,1,0,0,0,0,0,0,0,1,422.0,SAFE_STOP,倒车完成（前头红外无值）,0,0,1
2.963,518.0,744.0,353.0,1027.0,-0.4027,-0.1176,-0.2925,-0.2422,1,0,0,0,0,0,0,0,1,157.0,SAFE_STOP,倒车完成（前头红外无值）,0,0,1
2.983,517.0,743.0,352.0,1024.0,-0.4054,-0.1176,-0.2925,-0.2422,1,0,0,0,0,0,0,0,1,419.0,SAFE_STOP,倒车完成（前头红外无值）,0,0,1
3.003,517.0,743.0,352.0,1024.0,-0.4054,-0.1198,-0.2953,-0.2484,1,0,0,0,0,0,0,0,1,419.0,SAFE_STOP,倒车完成（前头红外无值）,0,0,1
3.023,518.0,744.0,354.0,1027.0,-0.4054,-0.1198,-0.2953,-0.2484,1,0,0,0,0,0,0,0,1,211.0,SAFE_STOP,倒车完成（前头红外无值）,0,0,1
3.043,517.0,744.0,353.0,1026.0,-0.4054,-0.1176,-0.2925,-0.2443,1,0,0,0,0,0,0,0,1,162.0,SAFE_STOP,倒车完成（前头红外无值）,0,0,1
3.064,517.0,742.0,353.0,1024.0,-0.4054,-0.1176,-0.2925,-0.2443,1,0,0,0,0,0,0,0,1,150.0,SAFE_STOP,倒车完成（前头红外无值）,0,0,1
3.084,518.0,744.0,353.0,1027.0,-0.4054,-0.1176,-0.2925,-0.2443,1,0,0,0,0,0,0,0,1,162.0,SAFE_STOP,倒车完成（前头红外无值）,0,0,1
3.104,520.0,745.0,353.0,1027.0,-0.4027,-0.1176,-0.2925,-0.2422,1,0,0,0,0,0,0,0,1,293.0,SAFE_STOP,倒车完成（前头红外无值）,0,0,1
3.124,518.0,744.0,353.0,1026.0,-0.4027,-0.1176,-0.2925,-0.2422,1,0,0,0,0,0,0,0,1,218.0,SAFE_STOP,倒车完成（前头红外无值）,0,0,1
3.144,519.0,744.0,354.0,1027.0,-0.4,-0.1176,-0.2925,-0.2422,1,0,0,0,0,0,0,0,1,264.0,SAFE_STOP,倒车完成（前头红外无值）,0,0,1
3.164,518.0,744.0,354.0,1028.0,-0.4027,-0.1176,-0.2897,-0.2422,1,0,0,0,0,0,0,0,1,169.0,SAFE_STOP,倒车完成（前头红外无值）,0,0,1
3.184,517.0,744.0,353.0,1025.0,-0.4027,-0.1176,-0.2897,-0.2422,1,0,0,0,0,0,0,0,1,164.0,SAFE_STOP,倒车完成（前头红外无值）,0,0,1
3.204,518.0,745.0,354.0,1028.0,-0.4027,-0.1176,-0.2897,-0.2401,1,0,0,0,0,0,0,0,1,227.0,SAFE_STOP,倒车完成（前头红外无值）,0,0,1
3.225,518.0,744.0,354.0,1028.0,-0.4027,-0.1176,-0.2897,-0.2401,1,0,0,0,0,0,0,0,1,286.0,SAFE_STOP,倒车完成（前头红外无值）,0,0,1
3.245,517.0,744.0,352.0,1026.0,-0.4027,-0.1176,-0.2897,-0.2401,1,0,0,0,0,0,0,0,1,212.0,SAFE_STOP,倒车完成（前头红外无值）,0,0,1
3.265,518.0,744.0,354.0,1026.0,-0.4027,-0.1176,-0.2897,-0.2443,1,0,0,0,0,0,0,0,1,211.0,SAFE_STOP,倒车完成（前头红外无值）,0,0,1
3.285,518.0,745.0,354.0,1028.0,-0.4027,-0.1176,-0.2897,-0.2443,1,0,0,0,0,0,0,0,1,160.0,SAFE_STOP,倒车完成（前头红外无值）,0,0,1
3.305,518.0,744.0,353.0,1028.0,-0.4027,-0.1176,-0.2897,-0.2401,1,0,0,0,0,0,0,0,1,-5.0,SAFE_STOP,倒车完成（前头红外无值）,0,0,1
3.326,518.0,744.0,353.0,1027.0,-0.4027,-0.1176,-0.2925,-0.2401,1,0,0,0,0,0,0,0,1,161.0,SAFE_STOP,倒车完成（前头红外无值）,0,0,1
3.346,518.0,745.0,353.0,1027.0,-0.4027,-0.1176,-0.2925,-0.2422,1,0,0,0,0,0,0,0,1,210.0,SAFE_STOP,倒车完成（前头红外无值）,0,0,1
3.366,518.0,744.0,353.0,1027.0,-0.4027,-0.1176,-0.2925,-0.2422,1,0,0,0,0,0,0,0,1,456.0,SAFE_STOP,倒车完成（前头红外无值）,0,0,1
3.386,518.0,744.0,353.0,1027.0,-0.4027,-0.1176,-0.2925,-0.2422,1,0,0,0,0,0,0,0,1,211.0,SAFE_STOP,倒车完成（前头红外无值）,0,0,1
3.406,518.0,744.0,353.0,1027.0,-0.4027,-0.1176,-0.2925,-0.2422,1,0,0,0,0,0,0,0,1,364.0,SAFE_STOP,倒车完成（前头红外无值）,0,0,1
3.426,518.0,744.0,353.0,1027.0,-0.4027,-0.1176,-0.2925,-0.2422,1,0,0,0,0,0,0,0,1,364.0,SAFE_STOP,倒车完成（前头红外无值）,0,0,1
3.446,516.0,743.0,352.0,1025.0,-0.4027,-0.1176,-0.2925,-0.2422,1,0,0,0,0,0,0,0,1,132.0,SAFE_STOP,倒车完成（前头红外无值）,0,0,1
3.466,517.0,744.0,354.0,1028.0,-0.4054,-0.1176,-0.2925,-0.2422,1,0,0,0,0,0,0,0,1,3.0,SAFE_STOP,倒车完成（前头红外无值）,0,0,1
3.487,518.0,745.0,354.0,1028.0,-0.4054,-0.1176,-0.2897,-0.2401,1,0,0,0,0,0,0,0,1,228.0,SAFE_STOP,倒车完成（前头红外无值）,0,0,1
3.507,518.0,744.0,352.0,1026.0,-0.4027,-0.1176,-0.2897,-0.2401,1,0,0,0,0,0,0,0,1,31.0,SAFE_STOP,倒车完成（前头红外无值）,0,0,1
3.527,518.0,744.0,354.0,1027.0,-0.4027,-0.1176,-0.2897,-0.2422,1,0,0,0,0,0,0,0,1,423.0,SAFE_STOP,倒车完成（前头红外无值）,0,0,1
3.547,518.0,745.0,353.0,1028.0,-0.4027,-0.1176,-0.2925,-0.2422,1,0,0,0,0,0,0,0,1,162.0,SAFE_STOP,倒车完成（前头红外无值）,0,0,1
3.567,518.0,744.0,353.0,1026.0,-0.4027,-0.1176,-0.2925,-0.2422,1,0,0,0,0,0,0,0,1,245.0,SAFE_STOP,倒车完成（前头红外无值）,0,0,1
3.587,518.0,745.0,354.0,1028.0,-0.4027,-0.1155,-0.2925,-0.2401,1,0,0,0,0,0,0,0,1,195.0,SAFE_STOP,倒车完成（前头红外无值）,0,0,1
3.608,519.0,745.0,353.0,1027.0,-0.4027,-0.1155,-0.2925,-0.2422,1,0,0,0,0,0,0,0,1,196.0,SAFE_STOP,倒车完成（前头红外无值）,0,0,1
3.628,518.0,744.0,353.0,1026.0,-0.4027,-0.1155,-0.2925,-0.2422,1,0,0,0,0,0,0,0,1,196.0,SAFE_STOP,倒车完成（前头红外无值）,0,0,1
3.648,518.0,744.0,354.0,1027.0,-0.4027,-0.1176,-0.2925,-0.2422,1,0,0,0,0,0,0,0,1,195.0,SAFE_STOP,倒车完成（前头红外无值）,0,0,1
3.668,518.0,744.0,354.0,1028.0,-0.4027,-0.1176,-0.2897,-0.2422,1,0,0,0,0,0,0,0,1,179.0,SAFE_STOP,倒车完成（前头红外无值）,0,0,1
3.688,518.0,744.0,353.0,1026.0,-0.4027,-0.1176,-0.2897,-0.2422,1,0,0,0,0,0,0,0,1,162.0,SAFE_STOP,倒车完成（前头红外无值）,0,0,1
3.708,519.0,745.0,354.0,1028.0,-0.4027,-0.1176,-0.2897,-0.2401,1,0,0,0,0,0,0,0,1,113.0,SAFE_STOP,倒车完成（前头红外无值）,0,0,1
3.728,519.0,745.0,354.0,1029.0,-0.4,-0.1155,-0.2897,-0.2401,1,0,0,0,0,0,0,0,1,31.0,SAFE_STOP,倒车完成（前头红外无值）,0,0,1
3.749,518.0,745.0,354.0,1027.0,-0.4,-0.1155,-0.2897,-0.2401,1,0,0,0,0,0,0,0,1,195.0,SAFE_STOP,倒车完成（前头红外无值）,0,0,1
3.769,519.0,744.0,353.0,1027.0,-0.4,-0.1155,-0.2897,-0.2422,1,0,0,0,0,0,0,0,1,421.0,SAFE_STOP,倒车完成（前头红外无值）,0,0,1
3.789,518.0,745.0,354.0,1028.0,-0.4027,-0.1155,-0.2897,-0.2422,1,0,0,0,0,0,0,0,1,161.0,SAFE_STOP,倒车完成（前头红外无值）,0,0,1
3.809,518.0,745.0,354.0,1027.0,-0.4027,-0.1155,-0.2897,-0.2422,1,0,0,0,0,0,0,0,1,179.0,SAFE_STOP,倒车完成（前头红外无值）,0,0,1
3.829,518.0,745.0,354.0,1027.0,-0.4027,-0.1155,-0.2897,-0.2422,1,0,0,0,0,0,0,0,1,179.0,SAFE_STOP,倒车完成（前头红外无值）,0,0,1
3.849,518.0,745.0,353.0,1026.0,-0.4027,-0.1155,-0.2897,-0.2422,1,0,0,0,0,0,0,0,1,256.0,SAFE_STOP,倒车完成（前头红外无值）,0,0,1
3.869,518.0,745.0,352.0,1028.0,-0.4027,-0.1155,-0.2925,-0.2422,1,0,0,0,0,0,0,0,1,62.0,SAFE_STOP,倒车完成（前头红外无值）,0,0,1
3.89,518.0,744.0,353.0,1027.0,-0.4027,-0.1155,-0.2925,-0.2422,1,0,0,0,0,0,0,0,1,-5.0,SAFE_STOP,倒车完成（前头红外无值）,0,0,1
3.91,518.0,745.0,354.0,1027.0,-0.4027,-0.1155,-0.2925,-0.2422,1,0,0,0,0,0,0,0,1,162.0,SAFE_STOP,倒车完成（前头红外无值）,0,0,1
3.93,518.0,744.0,353.0,1028.0,-0.4027,-0.1176,-0.2925,-0.2422,1,0,0,0,0,0,0,0,1,128.0,SAFE_STOP,倒车完成（前头红外无值）,0,0,1
3.95,518.0,744.0,353.0,1027.0,-0.4027,-0.1176,-0.2925,-0.2422,1,0,0,0,0,0,0,0,1,480.0,SAFE_STOP,倒车完成（前头红外无值）,0,0,1
3.97,518.0,744.0,354.0,1028.0,-0.4027,-0.1176,-0.2925,-0.2401,1,0,0,0,0,0,0,0,1,214.0,SAFE_STOP,倒车完成（前头红外无值）,0,0,1
3.991,518.0,744.0,353.0,1028.0,-0.4027,-0.1176,-0.2925,-0.2401,1,0,0,0,0,0,0,0,1,389.0,SAFE_STOP,倒车完成（前头红外无值）,0,0,1
4.011,517.0,743.0,353.0,1026.0,-0.4027,-0.1176,-0.2925,-0.2401,1,0,0,0,0,0,0,0,1,186.0,SAFE_STOP,倒车完成（前头红外无值）,0,0,1
4.031,518.0,744.0,354.0,1028.0,-0.4027,-0.1176,-0.2925,-0.2401,1,0,0,0,0,0,0,0,1,21.0,SAFE_STOP,倒车完成（前头红外无值）,0,0,1
4.052,518.0,744.0,354.0,1029.0,-0.4027,-0.1176,-0.2897,-0.2401,1,0,0,0,0,0,0,0,1,161.0,SAFE_STOP,倒车完成（前头红外无值）,0,0,1
4.072,518.0,745.0,353.0,1027.0,-0.4027,-0.1176,-0.2897,-0.2401,1,0,0,0,0,0,0,0,1,19.0,SAFE_STOP,倒车完成（前头红外无值）,0,0,1
4.092,518.0,743.0,353.0,1027.0,-0.4027,-0.1176,-0.2925,-0.2422,1,0,0,0,0,0,0,0,1,268.0,SAFE_STOP,倒车完成（前头红外无值）,0,0,1
4.113,517.0,744.0,354.0,1027.0,-0.4027,-0.1176,-0.2925,-0.2422,1,0,0,0,0,0,0,0,1,198.0,SAFE_STOP,倒车完成（前头红外无值）,0,0,1
4.133,518.0,744.0,353.0,1027.0,-0.4027,-0.1176,-0.2925,-0.2422,1,0,0,0,0,0,0,0,1,146.0,SAFE_STOP,倒车完成（前头红外无值）,0,0,1
4.153,518.0,744.0,354.0,1028.0,-0.4027,-0.1176,-0.2897,-0.2422,1,0,0,0,0,0,0,0,1,178.0,SAFE_STOP,倒车完成（前头红外无值）,0,0,1
4.173,518.0,746.0,354.0,1027.0,-0.4027,-0.1176,-0.2897,-0.2422,1,0,0,0,0,0,0,0,1,162.0,SAFE_STOP,倒车完成（前头红外无值）,0,0,1
4.193,517.0,744.0,353.0,1026.0,-0.4027,-0.1176,-0.2897,-0.2422,1,0,0,0,0,0,0,0,1,342.0,SAFE_STOP,倒车完成（前头红外无值）,0,0,1
4.213,518.0,744.0,353.0,1028.0,-0.4027,-0.1176,-0.2925,-0.2422,1,0,0,0,0,0,0,0,1,211.0,SAFE_STOP,倒车完成（前头红外无值）,0,0,1
4.233,518.0,745.0,354.0,1028.0,-0.4027,-0.1176,-0.2925,-0.2401,1,0,0,0,0,0,0,0,1,147.0,SAFE_STOP,倒车完成（前头红外无值）,0,0,1
4.253,517.0,742.0,353.0,1026.0,-0.4027,-0.1176,-0.2925,-0.2401,1,0,0,0,0,0,0,0,1,150.0,SAFE_STOP,倒车完成（前头红外无值）,0,0,1
4.273,517.0,742.0,353.0,1026.0,-0.4054,-0.122,-0.2925,-0.2443,1,0,0,0,0,0,0,0,1,150.0,SAFE_STOP,倒车完成（前头红外无值）,0,0,1
4.294,518.0,744.0,354.0,1029.0,-0.4054,-0.122,-0.2925,-0.2443,1,0,0,0,0,0,0,0,1,11.0,SAFE_STOP,倒车完成（前头红外无值）,0,0,1
4.314,517.0,744.0,353.0,1027.0,-0.4054,-0.1176,-0.2925,-0.2422,1,0,0,0,0,0,0,0,1,161.0,SAFE_STOP,倒车完成（前头红外无值）,0,0,1
4.334,517.0,745.0,353.0,1027.0,-0.4054,-0.1176,-0.2925,-0.2422,1,0,0,0,0,0,0,0,1,213.0,SAFE_STOP,倒车完成（前头红外无值）,0,0,1
4.354,518.0,744.0,353.0,1027.0,-0.4054,-0.1176,-0.2925,-0.2422,1,0,0,0,0,0,0,0,1,317.0,SAFE_STOP,倒车完成（前头红外无值）,0,0,1
4.374,517.0,743.0,354.0,1027.0,-0.4054,-0.1176,-0.2925,-0.2422,1,0,0,0,0,0,0,0,1,155.0,SAFE_STOP,倒车完成（前头红外无值）,0,0,1
4.394,518.0,744.0,354.0,1027.0,-0.4027,-0.1176,-0.2897,-0.2422,1,0,0,0,0,0,0,0,1,179.0,SAFE_STOP,倒车完成（前头红外无值）,0,0,1
4.414,518.0,745.0,354.0,1028.0,-0.4027,-0.1176,-0.2897,-0.2422,1,0,0,0,0,0,0,0,1,293.0,SAFE_STOP,倒车完成（前头红外无值）,0,0,1
4.434,518.0,744.0,354.0,1028.0,-0.4027,-0.1176,-0.2897,-0.2401,1,0,0,0,0,0,0,0,1,112.0,SAFE_STOP,倒车完成（前头红外无值）,0,0,1
4.455,518.0,744.0,353.0,1028.0,-0.4027,-0.1176,-0.2897,-0.2401,1,0,0,0,0,0,0,0,1,211.0,SAFE_STOP,倒车完成（前头红外无值）,0,0,1
4.475,518.0,745.0,354.0,1028.0,-0.4027,-0.1176,-0.2897,-0.2401,1,0,0,0,0,0,0,0,1,195.0,SAFE_STOP,倒车完成（前头红外无值）,0,0,1
4.495,518.0,745.0,354.0,1029.0,-0.4027,-0.1155,-0.2897,-0.2401,1,0,0,0,0,0,0,0,1,20.0,SAFE_STOP,倒车完成（前头红外无值）,0,0,1
4.515,517.0,744.0,354.0,1027.0,-0.4027,-0.1155,-0.2897,-0.2401,1,0,0,0,0,0,0,0,1,162.0,SAFE_STOP,倒车完成（前头红外无值）,0,0,1
4.535,518.0,744.0,355.0,1028.0,-0.4027,-0.1176,-0.2897,-0.2401,1,0,0,0,0,0,0,0,1,163.0,SAFE_STOP,倒车完成（前头红外无值）,0,0,1
4.555,518.0,744.0,354.0,1028.0,-0.4027,-0.1176,-0.2897,-0.2401,1,0,0,0,0,0,0,0,1,228.0,SAFE_STOP,倒车完成（前头红外无值）,0,0,1
4.575,517.0,744.0,354.0,1027.0,-0.4027,-0.1176,-0.2897,-0.2401,1,0,0,0,0,0,0,0,1,211.0,SAFE_STOP,倒车完成（前头红外无值）,0,0,1
4.595,518.0,745.0,354.0,1028.0,-0.4027,-0.1176,-0.2897,-0.2401,1,0,0,0,0,0,0,0,1,196.0,SAFE_STOP,倒车完成（前头红外无值）,0,0,1
4.616,518.0,744.0,354.0,1028.0,-0.4027,-0.1176,-0.2897,-0.2401,1,0,0,0,0,0,0,0,1,162.0,SAFE_STOP,倒车完成（前头红外无值）,0,0,1
4.636,519.0,744.0,353.0,1026.0,-0.4027,-0.1176,-0.2897,-0.2401,1,0,0,0,0,0,0,0,1,163.0,SAFE_STOP,倒车完成（前头红外无值）,0,0,1
4.656,519.0,744.0,353.0,1026.0,-0.4,-0.1176,-0.2925,-0.2443,1,0,0,0,0,0,0,0,1,163.0,SAFE_STOP,倒车完成（前头红外无值）,0,0,1
4.676,518.0,744.0,354.0,1027.0,-0.4,-0.1176,-0.2925,-0.2443,1,0,0,0,0,0,0,0,1,179.0,SAFE_STOP,倒车完成（前头红外无值）,0,0,1
4.696,518.0,745.0,354.0,1028.0,-0.4027,-0.1176,-0.2897,-0.2422,1,0,0,0,0,0,0,0,1,195.0,SAFE_STOP,倒车完成（前头红外无值）,0,0,1
4.716,517.0,743.0,353.0,1027.0,-0.4027,-0.1176,-0.2897,-0.2422,1,0,0,0,0,0,0,0,1,17.0,SAFE_STOP,倒车完成（前头红外无值）,0,0,1
4.736,518.0,744.0,353.0,1027.0,-0.4027,-0.1176,-0.2925,-0.2422,1,0,0,0,0,0,0,0,1,161.0,SAFE_STOP,倒车完成（前头红外无值）,0,0,1
4.756,518.0,745.0,354.0,1028.0,-0.4027,-0.1176,-0.2925,-0.2422,1,0,0,0,0,0,0,0,1,163.0,SAFE_STOP,倒车完成（前头红外无值）,0,0,1
4.777,517.0,743.0,354.0,1026.0,-0.4027,-0.1176,-0.2897,-0.2422,1,0,0,0,0,0,0,0,1,497.0,SAFE_STOP,倒车完成（前头红外无值）,0,0,1
4.797,518.0,744.0,354.0,1027.0,-0.4027,-0.1176,-0.2897,-0.2422,1,0,0,0,0,0,0,0,1,183.0,SAFE_STOP,倒车完成（前头红外无值）,0,0,1
4.817,518.0,744.0,354.0,1027.0,-0.4027,-0.1176,-0.2897,-0.2422,1,0,0,0,0,0,0,0,1,163.0,SAFE_STOP,倒车完成（前头红外无值）,0,0,1
4.837,517.0,744.0,354.0,1027.0,-0.4027,-0.1176,-0.2897,-0.2422,1,0,0,0,0,0,0,0,1,197.0,SAFE_STOP,倒车完成（前头红外无值）,0,0,1
4.857,518.0,743.0,353.0,1026.0,-0.4027,-0.1176,-0.2897,-0.2422,1,0,0,0,0,0,0,0,1,3.0,SAFE_STOP,倒车完成（前头红外无值）,0,0,1
4.877,518.0,745.0,354.0,1028.0,-0.4027,-0.1176,-0.2897,-0.2422,1,0,0,0,0,0,0,0,1,163.0,SAFE_STOP,倒车完成（前头红外无值）,0,0,1
4.897,518.0,744.0,354.0,1027.0,-0.4027,-0.1176,-0.2897,-0.2422,1,0,0,0,0,0,0,0,1,179.0,SAFE_STOP,倒车完成（前头红外无值）,0,0,1
4.917,518.0,745.0,354.0,1027.0,-0.4027,-0.1155,-0.2897,-0.2422,1,0,0,0,0,0,0,0,1,488.0,SAFE_STOP,倒车完成（前头红外无值）,0,0,1
4.937,518.0,744.0,354.0,1027.0,-0.4027,-0.1176,-0.2897,-0.2422,1,0,0,0,0,0,0,0,1,211.0,SAFE_STOP,倒车完成（前头红外无值）,0,0,1
4.958,517.0,742.0,353.0,1025.0,-0.4027,-0.1176,-0.2897,-0.2422,1,0,0,0,0,0,0,0,1,134.0,SAFE_STOP,倒车完成（前头红外无值）,0,0,1
4.978,518.0,744.0,355.0,1028.0,-0.4027,-0.1176,-0.2897,-0.2422,1,0,0,0,0,0,0,0,1,163.0,SAFE_STOP,倒车完成（前头红外无值）,0,0,1
4.998,518.0,744.0,354.0,1028.0,-0.4027,-0.1176,-0.2897,-0.2401,1,0,0,0,0,0,0,0,1,116.0,SAFE_STOP,倒车完成（前头红外无值）,0,0,1
5.018,517.0,743.0,354.0,1027.0,-0.4027,-0.1176,-0.2897,-0.2401,1,0,0,0,0,0,0,0,1,161.0,SAFE_STOP,倒车完成（前头红外无值）,0,0,1
5.038,518.0,744.0,354.0,1028.0,-0.4027,-0.1176,-0.2897,-0.2401,1,0,0,0,0,0,0,0,1,195.0,SAFE_STOP,倒车完成（前头红外无值）,0,0,1
5.058,518.0,744.0,354.0,1028.0,-0.4027,-0.1176,-0.2897,-0.2401,1,0,0,0,0,0,0,0,1,195.0,SAFE_STOP,倒车完成（前头红外无值）,0,0,1
5.078,518.0,744.0,354.0,1027.0,-0.4027,-0.1176,-0.2897,-0.2401,1,0,0,0,0,0,0,0,1,278.0,SAFE_STOP,倒车完成（前头红外无值）,0,0,1
5.098,517.0,743.0,353.0,1026.0,-0.4027,-0.1176,-0.2897,-0.2422,1,0,0,0,0,0,0,0,1,161.0,SAFE_STOP,倒车完成（前头红外无值）,0,0,1
5.118,517.0,744.0,354.0,1027.0,-0.4054,-0.1176,-0.2897,-0.2422,1,0,0,0,0,0,0,0,1,166.0,SAFE_STOP,倒车完成（前头红外无值）,0,0,1
5.139,517.0,743.0,353.0,1026.0,-0.4054,-0.1198,-0.2925,-0.2443,1,0,0,0,0,0,0,0,1,133.0,SAFE_STOP,倒车完成（前头红外无值）,0,0,1
5.159,518.0,744.0,354.0,1027.0,-0.4054,-0.1176,-0.2897,-0.2422,1,0,0,0,0,0,0,0,1,200.0,SAFE_STOP,倒车完成（前头红外无值）,0,0,1
5.179,516.0,743.0,354.0,1026.0,-0.4054,-0.1198,-0.2897,-0.2443,1,0,0,0,0,0,0,0,1,390.0,SAFE_STOP,倒车完成（前头红外无值）,0,0,1
5.199,518.0,744.0,354.0,1029.0,-0.4027,-0.1176,-0.2897,-0.2422,1,0,0,0,0,0,0,0,1,212.0,SAFE_STOP,倒车完成（前头红外无值）,0,0,1
5.219,518.0,743.0,354.0,1028.0,-0.4027,-0.1198,-0.2897,-0.2401,1,0,0,0,0,0,0,0,1,145.0,SAFE_STOP,倒车完成（前头红外无值）,0,0,1
5.239,517.0,743.0,353.0,1027.0,-0.4027,-0.1198,-0.2897,-0.2401,1,0,0,0,0,0,0,0,1,160.0,SAFE_STOP,倒车完成（前头红外无值）,0,0,1
5.259,518.0,744.0,354.0,1027.0,-0.4027,-0.1198,-0.2897,-0.2422,1,0,0,0,0,0,0,0,1,164.0,SAFE_STOP,倒车完成（前头红外无值）,0,0,1
5.279,518.0,743.0,353.0,1026.0,-0.4027,-0.1198,-0.2925,-0.2422,1,0,0,0,0,0,0,0,1,131.0,SAFE_STOP,倒车完成（前头红外无值）,0,0,1
5.299,517.0,742.0,353.0,1026.0,-0.4027,-0.1198,-0.2925,-0.2443,1,0,0,0,0,0,0,0,1,191.0,SAFE_STOP,倒车完成（前头红外无值）,0,0,1
5.32,518.0,745.0,354.0,1028.0,-0.4027,-0.1198,-0.2925,-0.2443,1,0,0,0,0,0,0,0,1,422.0,SAFE_STOP,倒车完成（前头红外无值）,0,0,1
5.34,517.0,743.0,354.0,1027.0,-0.4054,-0.1198,-0.2897,-0.2422,1,0,0,0,0,0,0,0,1,507.0,SAFE_STOP,倒车完成（前头红外无值）,0,0,1
5.36,516.0,741.0,353.0,1025.0,-0.4054,-0.1198,-0.2897,-0.2422,1,0,0,0,0,0,0,0,1,134.0,SAFE_STOP,倒车完成（前头红外无值）,0,0,1
5.38,517.0,744.0,353.0,1026.0,-0.4054,-0.1198,-0.2925,-0.2443,1,0,0,0,0,0,0,0,1,276.0,SAFE_STOP,倒车完成（前头红外无值）,0,0,1
5.4,517.0,742.0,353.0,1026.0,-0.4054,-0.122,-0.2925,-0.2443,1,0,0,0,0,0,0,0,1,195.0,SAFE_STOP,倒车完成（前头红外无值）,0,0,1
5.42,517.0,742.0,353.0,1026.0,-0.4054,-0.122,-0.2925,-0.2443,1,0,0,0,0,0,0,0,1,12.0,SAFE_STOP,倒车完成（前头红外无值）,0,0,1
5.44,517.0,742.0,353.0,1026.0,-0.4054,-0.122,-0.2925,-0.2443,1,0,0,0,0,0,0,0,1,12.0,SAFE_STOP,倒车完成（前头红外无值）,0,0,1
5.46,518.0,743.0,354.0,1028.0,-0.4054,-0.122,-0.2925,-0.2443,1,0,0,0,0,0,0,0,1,162.0,SAFE_STOP,倒车完成（前头红外无值）,0,0,1
5.481,515.0,741.0,352.0,1024.0,-0.4054,-0.122,-0.2925,-0.2443,1,0,0,0,0,0,0,0,1,94.0,SAFE_STOP,倒车完成（前头红外无值）,0,0,1
5.501,516.0,741.0,353.0,1025.0,-0.4082,-0.1242,-0.2925,-0.2463,1,0,0,0,0,0,0,0,1,423.0,SAFE_STOP,倒车完成（前头红外无值）,0,0,1
5.521,517.0,744.0,353.0,1026.0,-0.4082,-0.1242,-0.2925,-0.2463,1,0,0,0,0,0,0,0,1,178.0,SAFE_STOP,倒车完成（前头红外无值）,0,0,1
5.541,516.0,742.0,352.0,1025.0,-0.4082,-0.122,-0.2925,-0.2463,1,0,0,0,0,0,0,0,1,226.0,SAFE_STOP,倒车完成（前头红外无值）,0,0,1
5.561,516.0,742.0,352.0,1025.0,-0.4082,-0.122,-0.2953,-0.2463,1,0,0,0,0,0,0,0,1,194.0,SAFE_STOP,倒车完成（前头红外无值）,0,0,1
5.581,517.0,744.0,354.0,1027.0,-0.4082,-0.122,-0.2953,-0.2463,1,0,0,0,0,0,0,0,1,149.0,SAFE_STOP,倒车完成（前头红外无值）,0,0,1
5.602,517.0,743.0,353.0,1027.0,-0.4054,-0.1198,-0.2925,-0.2422,1,0,0,0,0,0,0,0,1,162.0,SAFE_STOP,倒车完成（前头红外无值）,0,0,1
5.622,517.0,742.0,353.0,1026.0,-0.4054,-0.1198,-0.2925,-0.2422,1,0,0,0,0,0,0,0,1,163.0,SAFE_STOP,倒车完成（前头红外无值）,0,0,1
5.642,517.0,743.0,354.0,1027.0,-0.4054,-0.1198,-0.2925,-0.2422,1,0,0,0,0,0,0,0,1,228.0,SAFE_STOP,倒车完成（前头红外无值）,0,0,1
5.662,517.0,743.0,353.0,1026.0,-0.4054,-0.1198,-0.2925,-0.2443,1,0,0,0,0,0,0,0,1,194.0,SAFE_STOP,倒车完成（前头红外无值）,0,0,1
5.682,517.0,743.0,354.0,1026.0,-0.4054,-0.1198,-0.2897,-0.2443,1,0,0,0,0,0,0,0,1,2.0,SAFE_STOP,倒车完成（前头红外无值）,0,0,1
5.702,517.0,743.0,354.0,1027.0,-0.4054,-0.1198,-0.2897,-0.2443,1,0,0,0,0,0,0,0,1,261.0,SAFE_STOP,倒车完成（前头红外无值）,0,0,1
5.722,516.0,741.0,353.0,1025.0,-0.4054,-0.1198,-0.2897,-0.2443,1,0,0,0,0,0,0,0,1,160.0,SAFE_STOP,倒车完成（前头红外无值）,0,0,1
5.742,516.0,741.0,352.0,1024.0,-0.4082,-0.1242,-0.2925,-0.2463,1,0,0,0,0,0,0,0,1,488.0,SAFE_STOP,倒车完成（前头红外无值）,0,0,1
5.762,516.0,741.0,353.0,1025.0,-0.4082,-0.1242,-0.2925,-0.2463,1,0,0,0,0,0,0,0,1,357.0,SAFE_STOP,倒车完成（前头红外无值）,0,0,1
5.783,517.0,741.0,353.0,1025.0,-0.4082,-0.1242,-0.2925,-0.2463,1,0,0,0,0,0,0,0,1,160.0,SAFE_STOP,倒车完成（前头红外无值）,0,0,1
5.803,516.0,742.0,352.0,1024.0,-0.4082,-0.1242,-0.2925,-0.2463,1,0,0,0,0,0,0,0,1,211.0,SAFE_STOP,倒车完成（前头红外无值）,0,0,1
5.823,516.0,741.0,353.0,1025.0,-0.4082,-0.1242,-0.2925,-0.2463,1,0,0,0,0,0,0,0,1,-5.0,SAFE_STOP,倒车完成（前头红外无值）,0,0,1
5.843,515.0,740.0,352.0,1024.0,-0.4082,-0.1242,-0.2953,-0.2484,1,0,0,0,0,0,0,0,1,60.0,SAFE_STOP,倒车完成（前头红外无值）,0,0,1
5.863,515.0,740.0,352.0,1024.0,-0.4109,-0.1264,-0.2953,-0.2484,1,0,0,0,0,0,0,0,1,60.0,SAFE_STOP,倒车完成（前头红外无值）,0,0,1
5.883,515.0,739.0,352.0,1024.0,-0.4109,-0.1264,-0.2953,-0.2484,1,0,0,0,0,0,0,0,1,161.0,SAFE_STOP,倒车完成（前头红外无值）,0,0,1
5.903,515.0,740.0,352.0,1024.0,-0.4109,-0.1264,-0.2953,-0.2484,1,0,0,0,0,0,0,0,1,485.0,SAFE_STOP,倒车完成（前头红外无值）,0,0,1
5.923,516.0,739.0,352.0,1024.0,-0.4109,-0.1285,-0.2953,-0.2484,1,0,0,0,0,0,0,0,1,393.0,SAFE_STOP,倒车完成（前头红外无值）,0,0,1
5.944,514.0,738.0,352.0,1020.0,-0.4109,-0.1285,-0.2953,-0.2484,1,0,0,0,0,0,0,0,1,177.0,SAFE_STOP,倒车完成（前头红外无值）,0,0,1
5.964,515.0,740.0,352.0,1025.0,-0.4109,-0.1285,-0.2953,-0.2484,1,0,0,0,0,0,0,0,1,161.0,SAFE_STOP,倒车完成（前头红外无值）,0,0,1
5.984,516.0,739.0,352.0,1024.0,-0.4109,-0.1285,-0.2953,-0.2484,1,0,0,0,0,0,0,0,1,51.0,SAFE_STOP,倒车完成（前头红外无值）,0,0,1
6.004,515.0,740.0,352.0,1021.0,-0.4109,-0.1264,-0.2953,-0.2484,1,0,0,0,0,0,0,0,1,19.0,SAFE_STOP,倒车完成（前头红外无值）,0,0,1
6.024,516.0,740.0,352.0,1024.0,-0.4082,-0.1264,-0.2953,-0.2484,1,0,0,0,0,0,0,0,1,211.0,SAFE_STOP,倒车完成（前头红外无值）,0,0,1
6.044,516.0,740.0,352.0,1024.0,-0.4082,-0.1264,-0.2953,-0.2484,1,0,0,0,0,0,0,0,1,276.0,SAFE_STOP,倒车完成（前头红外无值）,0,0,1
6.064,514.0,738.0,351.0,1019.0,-0.4082,-0.1264,-0.2953,-0.2484,1,0,0,0,0,0,0,0,1,217.0,SAFE_STOP,倒车完成（前头红外无值）,0,0,1
6.084,516.0,741.0,353.0,1026.0,-0.4082,-0.1264,-0.2953,-0.2484,1,0,0,0,0,0,0,0,1,162.0,SAFE_STOP,倒车完成（前头红外无值）,0,0,1
6.105,517.0,743.0,353.0,1026.0,-0.4082,-0.1242,-0.2925,-0.2443,1,0,0,0,0,0,0,0,1,96.0,SAFE_STOP,倒车完成（前头红外无值）,0,0,1
6.125,516.0,740.0,353.0,1024.0,-0.4082,-0.1242,-0.2925,-0.2443,1,0,0,0,0,0,0,0,1,168.0,SAFE_STOP,倒车完成（前头红外无值）,0,0,1
6.145,516.0,740.0,352.0,1024.0,-0.4082,-0.1264,-0.2925,-0.2484,1,0,0,0,0,0,0,0,1,341.0,SAFE_STOP,倒车完成（前头红外无值）,0,0,1
6.165,516.0,740.0,352.0,1021.0,-0.4082,-0.1264,-0.2953,-0.2484,1,0,0,0,0,0,0,0,1,308.0,SAFE_STOP,倒车完成（前头红外无值）,0,0,1
6.186,515.0,740.0,352.0,1024.0,-0.4082,-0.1264,-0.2953,-0.2484,1,0,0,0,0,0,0,0,1,178.0,SAFE_STOP,倒车完成（前头红外无值）,0,0,1
7.711,517.0,743.0,355.0,1026.0,-0.4082,-0.1264,-0.2953,-0.2484,1,0,0,0,0,0,0,0,1,487.0,SAFE_STOP,倒车完成（前头红外无值）,0,0,1
7.731,517.0,742.0,353.0,1025.0,-0.4054,-0.122,-0.2925,-0.2463,1,0,0,0,0,0,0,0,1,211.0,SAFE_STOP,倒车完成（前头红外无值）,0,0,1
7.751,518.0,743.0,354.0,1028.0,-0.4054,-0.1198,-0.2897,-0.2443,1,0,0,0,0,0,0,0,1,79.0,SAFE_STOP,倒车完成（前头红外无值）,0,0,1
7.771,516.0,742.0,354.0,1026.0,-0.4054,-0.122,-0.2897,-0.2443,1,0,0,0,0,0,0,0,1,162.0,SAFE_STOP,倒车完成（前头红外无值）,0,0,1
7.791,517.0,742.0,355.0,1026.0,-0.4054,-0.122,-0.2897,-0.2443,1,0,0,0,0,0,0,0,1,-5.0,SAFE_STOP,倒车完成（前头红外无值）,0,0,1
7.812,517.0,742.0,353.0,1024.0,-0.4054,-0.122,-0.2897,-0.2443,1,0,0,0,0,0,0,0,1,63.0,SAFE_STOP,倒车完成（前头红外无值）,0,0,1
7.832,517.0,741.0,353.0,1025.0,-0.4054,-0.122,-0.2925,-0.2463,1,0,0,0,0,0,0,0,1,196.0,SAFE_STOP,倒车完成（前头红外无值）,0,0,1
7.852,516.0,741.0,353.0,1024.0,-0.4054,-0.1242,-0.2925,-0.2484,1,0,0,0,0,0,0,0,1,390.0,SAFE_STOP,倒车完成（前头红外无值）,0,0,1
7.872,516.0,741.0,353.0,1024.0,-0.4082,-0.1242,-0.2925,-0.2484,1,0,0,0,0,0,0,0,1,390.0,SAFE_STOP,倒车完成（前头红外无值）,0,0,1
7.892,517.0,743.0,354.0,1026.0,-0.4082,-0.1242,-0.2925,-0.2484,1,0,0,0,0,0,0,0,1,144.0,SAFE_STOP,倒车完成（前头红外无值）,0,0,1
7.912,517.0,741.0,354.0,1026.0,-0.4054,-0.1242,-0.2897,-0.2443,1,0,0,0,0,0,0,0,1,152.0,SAFE_STOP,倒车完成（前头红外无值）,0,0,1
7.933,518.0,743.0,354.0,1028.0,-0.4054,-0.1198,-0.2897,-0.2443,1,0,0,0,0,0,0,0,1,163.0,SAFE_STOP,倒车完成（前头红外无值）,0,0,1
7.953,518.0,742.0,354.0,1026.0,-0.4027,-0.122,-0.2897,-0.2443,1,0,0,0,0,0,0,0,1,216.0,SAFE_STOP,倒车完成（前头红外无值）,0,0,1
7.973,518.0,743.0,355.0,1027.0,-0.4027,-0.1198,-0.2897,-0.2422,1,0,0,0,0,0,0,0,1,212.0,SAFE_STOP,倒车完成（前头红外无值）,0,0,1
7.993,519.0,744.0,355.0,1028.0,-0.4027,-0.1198,-0.2869,-0.2422,1,0,0,0,0,0,0,0,1,146.0,SAFE_STOP,倒车完成（前头红外无值）,0,0,1
8.013,517.0,741.0,353.0,1024.0,-0.4027,-0.1198,-0.2869,-0.2422,1,0,0,0,0,0,0,0,1,178.0,SAFE_STOP,倒车完成（前头红外无值）,0,0,1
8.033,518.0,743.0,355.0,1027.0,-0.4027,-0.1198,-0.2869,-0.2422,1,0,0,0,0,0,0,0,1,167.0,SAFE_STOP,倒车完成（前头红外无值）,0,0,1
8.053,518.0,743.0,354.0,1027.0,-0.4027,-0.1198,-0.2897,-0.2422,1,0,0,0,0,0,0,0,1,212.0,SAFE_STOP,倒车完成（前头红外无值）,0,0,1
8.073,516.0,740.0,353.0,1025.0,-0.4027,-0.1198,-0.2897,-0.2422,1,0,0,0,0,0,0,0,1,148.0,SAFE_STOP,倒车完成（前头红外无值）,0,0,1
8.093,517.0,743.0,354.0,1027.0,-0.4054,-0.1198,-0.2897,-0.2422,1,0,0,0,0,0,0,0,1,194.0,SAFE_STOP,倒车完成（前头红外无值）,0,0,1
8.114,518.0,744.0,355.0,1029.0,-0.4054,-0.1198,-0.2897,-0.2422,1,0,0,0,0,0,0,0,1,438.0,SAFE_STOP,倒车完成（前头红外无值）,0,0,1
8.134,516.0,741.0,353.0,1025.0,-0.4054,-0.1198,-0.2897,-0.2422,1,0,0,0,0,0,0,0,1,291.0,SAFE_STOP,倒车完成（前头红外无值）,0,0,1
8.154,518.0,743.0,355.0,1027.0,-0.4027,-0.1198,-0.2869,-0.2422,1,0,0,0,0,0,0,0,1,167.0,SAFE_STOP,倒车完成（前头红外无值）,0,0,1
8.174,518.0,742.0,355.0,1028.0,-0.4027,-0.122,-0.2869,-0.2422,1,0,0,0,0,0,0,0,1,177.0,SAFE_STOP,倒车完成（前头红外无值）,0,0,1
8.194,516.0,741.0,353.0,1024.0,-0.4027,-0.122,-0.2869,-0.2422,1,0,0,0,0,0,0,0,1,30.0,SAFE_STOP,倒车完成（前头红外无值）,0,0,1
8.214,518.0,744.0,355.0,1027.0,-0.4027,-0.122,-0.2869,-0.2422,1,0,0,0,0,0,0,0,1,-4.0,SAFE_STOP,倒车完成（前头红外无值）,0,0,1
8.234,518.0,743.0,355.0,1028.0,-0.4027,-0.1198,-0.2869,-0.2422,1,0,0,0,0,0,0,0,1,146.0,SAFE_STOP,倒车完成（前头红外无值）,0,0,1
8.254,518.0,741.0,354.0,1026.0,-0.4027,-0.1198,-0.2869,-0.2422,1,0,0,0,0,0,0,0,1,325.0,SAFE_STOP,倒车完成（前头红外无值）,0,0,1
8.275,517.0,743.0,354.0,1028.0,-0.4027,-0.1198,-0.2897,-0.2401,1,0,0,0,0,0,0,0,1,178.0,SAFE_STOP,倒车完成（前头红外无值）,0,0,1
8.295,517.0,742.0,354.0,1027.0,-0.4054,-0.122,-0.2897,-0.2422,1,0,0,0,0,0,0,0,1,228.0,SAFE_STOP,倒车完成（前头红外无值）,0,0,1
8.315,517.0,742.0,354.0,1025.0,-0.4054,-0.122,-0.2897,-0.2422,1,0,0,0,0,0,0,0,1,275.0,SAFE_STOP,倒车完成（前头红外无值）,0,0,1
8.335,518.0,743.0,354.0,1028.0,-0.4054,-0.122,-0.2897,-0.2422,1,0,0,0,0,0,0,0,1,162.0,SAFE_STOP,倒车完成（前头红外无值）,0,0,1
8.355,518.0,743.0,356.0,1028.0,-0.4027,-0.1198,-0.2897,-0.2401,1,0,0,0,0,0,0,0,1,-4.0,SAFE_STOP,倒车完成（前头红外无值）,0,0,1
8.375,516.0,740.0,353.0,1024.0,-0.4027,-0.1198,-0.2897,-0.2401,1,0,0,0,0,0,0,0,1,162.0,SAFE_STOP,倒车完成（前头红外无值）,0,0,1
8.395,517.0,743.0,355.0,1028.0,-0.4054,-0.1198,-0.2869,-0.2401,1,0,0,0,0,0,0,0,1,177.0,SAFE_STOP,倒车完成（前头红外无值）,0,0,1
8.415,518.0,743.0,354.0,1027.0,-0.4054,-0.1198,-0.2897,-0.2422,1,0,0,0,0,0,0,0,1,209.0,SAFE_STOP,倒车完成（前头红外无值）,0,0,1
8.435,518.0,740.0,354.0,1025.0,-0.4027,-0.1198,-0.2897,-0.2422,1,0,0,0,0,0,0,0,1,212.0,SAFE_STOP,倒车完成（前头红外无值）,0,0,1
8.456,518.0,743.0,355.0,1028.0,-0.4027,-0.1198,-0.2897,-0.2422,1,0,0,0,0,0,0,0,1,178.0,SAFE_STOP,倒车完成（前头红外无值）,0,0,1
8.476,518.0,743.0,355.0,1028.0,-0.4027,-0.1198,-0.2869,-0.2401,1,0,0,0,0,0,0,0,1,178.0,SAFE_STOP,倒车完成（前头红外无值）,0,0,1
8.496,517.0,742.0,354.0,1027.0,-0.4027,-0.1198,-0.2869,-0.2401,1,0,0,0,0,0,0,0,1,162.0,SAFE_STOP,倒车完成（前头红外无值）,0,0,1
8.516,516.0,740.0,353.0,1025.0,-0.4054,-0.122,-0.2897,-0.2422,1,0,0,0,0,0,0,0,1,161.0,SAFE_STOP,倒车完成（前头红外无值）,0,0,1
8.536,517.0,742.0,354.0,1026.0,-0.4054,-0.122,-0.2897,-0.2443,1,0,0,0,0,0,0,0,1,245.0,SAFE_STOP,倒车完成（前头红外无值）,0,0,1
8.556,517.0,743.0,354.0,1026.0,-0.4054,-0.122,-0.2897,-0.2443,1,0,0,0,0,0,0,0,1,227.0,SAFE_STOP,倒车完成（前头红外无值）,0,0,1
8.576,516.0,742.0,354.0,1026.0,-0.4054,-0.122,-0.2897,-0.2443,1,0,0,0,0,0,0,0,1,201.0,SAFE_STOP,倒车完成（前头红外无值）,0,0,1
8.596,518.0,743.0,354.0,1027.0,-0.4054,-0.1198,-0.2897,-0.2443,1,0,0,0,0,0,0,0,1,146.0,SAFE_STOP,倒车完成（前头红外无值）,0,0,1
8.616,518.0,743.0,355.0,1029.0,-0.4027,-0.1198,-0.2897,-0.2422,1,0,0,0,0,0,0,0,1,0.0,SAFE_STOP,倒车完成（前头红外无值）,0,0,1
8.637,518.0,743.0,355.0,1027.0,-0.4027,-0.1198,-0.2869,-0.2422,1,0,0,0,0,0,0,0,1,165.0,SAFE_STOP,倒车完成（前头红外无值）,0,0,1
8.657,517.0,743.0,354.0,1028.0,-0.4027,-0.1198,-0.2869,-0.2401,1,0,0,0,0,0,0,0,1,229.0,SAFE_STOP,倒车完成（前头红外无值）,0,0,1
8.677,518.0,743.0,355.0,1028.0,-0.4027,-0.1198,-0.2869,-0.2401,1,0,0,0,0,0,0,0,1,488.0,SAFE_STOP,倒车完成（前头红外无值）,0,0,1
8.697,517.0,742.0,356.0,1027.0,-0.4054,-0.1198,-0.2869,-0.2401,1,0,0,0,0,0,0,0,1,182.0,SAFE_STOP,倒车完成（前头红外无值）,0,0,1
8.717,518.0,743.0,354.0,1027.0,-0.4027,-0.1198,-0.2869,-0.2422,1,0,0,0,0,0,0,0,1,308.0,SAFE_STOP,倒车完成（前头红外无值）,0,0,1
8.737,520.0,745.0,355.0,1029.0,-0.4027,-0.1198,-0.2869,-0.2422,1,0,0,0,0,0,0,0,1,179.0,SAFE_STOP,倒车完成（前头红外无值）,0,0,1
8.757,519.0,743.0,355.0,1027.0,-0.4,-0.1198,-0.2869,-0.2422,1,0,0,0,0,0,0,0,1,-4.0,SAFE_STOP,倒车完成（前头红外无值）,0,0,1
8.777,518.0,742.0,354.0,1027.0,-0.4,-0.1198,-0.2869,-0.2422,1,0,0,0,0,0,0,0,1,210.0,SAFE_STOP,倒车完成（前头红外无值）,0,0,1
8.797,518.0,743.0,355.0,1028.0,-0.4027,-0.1198,-0.2869,-0.2422,1,0,0,0,0,0,0,0,1,195.0,SAFE_STOP,倒车完成（前头红外无值）,0,0,1
8.818,516.0,743.0,355.0,1028.0,-0.4027,-0.1198,-0.2869,-0.2401,1,0,0,0,0,0,0,0,1,471.0,SAFE_STOP,倒车完成（前头红外无值）,0,0,1
8.838,519.0,743.0,355.0,1028.0,-0.4027,-0.1198,-0.2869,-0.2401,1,0,0,0,0,0,0,0,1,160.0,SAFE_STOP,倒车完成（前头红外无值）,0,0,1
8.858,518.0,743.0,355.0,1028.0,-0.4027,-0.1198,-0.2869,-0.2401,1,0,0,0,0,0,0,0,1,219.0,SAFE_STOP,倒车完成（前头红外无值）,0,0,1
8.878,518.0,743.0,355.0,1028.0,-0.4027,-0.1198,-0.2869,-0.2401,1,0,0,0,0,0,0,0,1,219.0,SAFE_STOP,倒车完成（前头红外无值）,0,0,1
8.898,517.0,742.0,355.0,1027.0,-0.4027,-0.1198,-0.2869,-0.2401,1,0,0,0,0,0,0,0,1,195.0,SAFE_STOP,倒车完成（前头红外无值）,0,0,1
8.918,518.0,743.0,355.0,1029.0,-0.4027,-0.1198,-0.2869,-0.2401,1,0,0,0,0,0,0,0,1,179.0,SAFE_STOP,倒车完成（前头红外无值）,0,0,1
8.939,517.0,743.0,355.0,1028.0,-0.4054,-0.1198,-0.2869,-0.2401,1,0,0,0,0,0,0,0,1,193.0,SAFE_STOP,倒车完成（前头红外无值）,0,0,1
8.959,517.0,742.0,355.0,1026.0,-0.4054,-0.1198,-0.2869,-0.2401,1,0,0,0,0,0,0,0,1,143.0,SAFE_STOP,倒车完成（前头红外无值）,0,0,1
8.979,518.0,743.0,355.0,1029.0,-0.4054,-0.1198,-0.2869,-0.2401,1,0,0,0,0,0,0,0,1,162.0,SAFE_STOP,倒车完成（前头红外无值）,0,0,1
8.999,518.0,743.0,355.0,1027.0,-0.4027,-0.1198,-0.2869,-0.2422,1,0,0,0,0,0,0,0,1,163.0,SAFE_STOP,倒车完成（前头红外无值）,0,0,1
9.02,518.0,743.0,356.0,1028.0,-0.4027,-0.1198,-0.2869,-0.2401,1,0,0,0,0,0,0,0,1,113.0,SAFE_STOP,倒车完成（前头红外无值）,0,0,1
9.04,518.0,743.0,355.0,1028.0,-0.4027,-0.1198,-0.2869,-0.2401,1,0,0,0,0,0,0,0,1,146.0,SAFE_STOP,倒车完成（前头红外无值）,0,0,1
9.06,518.0,743.0,355.0,1028.0,-0.4027,-0.1198,-0.2869,-0.2401,1,0,0,0,0,0,0,0,1,211.0,SAFE_STOP,倒车完成（前头红外无值）,0,0,1
9.08,518.0,743.0,355.0,1028.0,-0.4027,-0.1198,-0.2869,-0.2401,1,0,0,0,0,0,0,0,1,406.0,SAFE_STOP,倒车完成（前头红外无值）,0,0,1
9.1,517.0,742.0,355.0,1026.0,-0.4027,-0.1198,-0.2869,-0.2401,1,0,0,0,0,0,0,0,1,227.0,SAFE_STOP,倒车完成（前头红外无值）,0,0,1
9.12,518.0,743.0,354.0,1028.0,-0.4027,-0.1198,-0.2869,-0.2401,1,0,0,0,0,0,0,0,1,162.0,SAFE_STOP,倒车完成（前头红外无值）,0,0,1
9.14,518.0,743.0,355.0,1028.0,-0.4027,-0.1198,-0.2869,-0.2401,1,0,0,0,0,0,0,0,1,228.0,SAFE_STOP,倒车完成（前头红外无值）,0,0,1
9.16,518.0,744.0,355.0,1028.0,-0.4027,-0.1198,-0.2869,-0.2401,1,0,0,0,0,0,0,0,1,-4.0,SAFE_STOP,倒车完成（前头红外无值）,0,0,1
9.18,519.0,744.0,356.0,1028.0,-0.4027,-0.1176,-0.2869,-0.2401,1,0,0,0,0,0,0,0,1,145.0,SAFE_STOP,倒车完成（前头红外无值）,0,0,1
9.201,519.0,744.0,355.0,1029.0,-0.4,-0.1176,-0.2869,-0.2401,1,0,0,0,0,0,0,0,1,179.0,SAFE_STOP,倒车完成（前头红外无值）,0,0,1
9.221,519.0,744.0,355.0,1028.0,-0.4,-0.1176,-0.2869,-0.2401,1,0,0,0,0,0,0,0,1,421.0,SAFE_STOP,倒车完成（前头红外无值）,0,0,1
9.241,518.0,743.0,354.0,1027.0,-0.4,-0.1176,-0.2869,-0.2401,1,0,0,0,0,0,0,0,1,506.0,SAFE_STOP,倒车完成（前头红外无值）,0,0,1
9.261,519.0,744.0,355.0,1029.0,-0.4,-0.1176,-0.2869,-0.2401,1,0,0,0,0,0,0,0,1,213.0,SAFE_STOP,倒车完成（前头红外无值）,0,0,1
9.281,518.0,742.0,355.0,1028.0,-0.4027,-0.1198,-0.2869,-0.2401,1,0,0,0,0,0,0,0,1,215.0,SAFE_STOP,倒车完成（前头红外无值）,0,0,1
9.301,518.0,743.0,356.0,1028.0,-0.4027,-0.1198,-0.2869,-0.2401,1,0,0,0,0,0,0,0,1,18.0,SAFE_STOP,倒车完成（前头红外无值）,0,0,1
9.322,518.0,743.0,356.0,1028.0,-0.4027,-0.1198,-0.2841,-0.2401,1,0,0,0,0,0,0,0,1,18.0,SAFE_STOP,倒车完成（前头红外无值）,0,0,1
9.342,518.0,743.0,354.0,1028.0,-0.4027,-0.1198,-0.2841,-0.2401,1,0,0,0,0,0,0,0,1,-4.0,SAFE_STOP,倒车完成（前头红外无值）,0,0,1
9.362,518.0,742.0,355.0,1027.0,-0.4027,-0.1198,-0.2869,-0.2401,1,0,0,0,0,0,0,0,1,186.0,SAFE_STOP,倒车完成（前头红外无值）,0,0,1
9.383,518.0,743.0,356.0,1028.0,-0.4027,-0.1198,-0.2869,-0.2401,1,0,0,0,0,0,0,0,1,381.0,SAFE_STOP,倒车完成（前头红外无值）,0,0,1
9.403,518.0,742.0,355.0,1028.0,-0.4027,-0.122,-0.2869,-0.2401,1,0,0,0,0,0,0,0,1,292.0,SAFE_STOP,倒车完成（前头红外无值）,0,0,1
9.423,518.0,744.0,355.0,1029.0,-0.4027,-0.1198,-0.2869,-0.2401,1,0,0,0,0,0,0,0,1,211.0,SAFE_STOP,倒车完成（前头红外无值）,0,0,1
9.443,518.0,744.0,355.0,1026.0,-0.4027,-0.1176,-0.2869,-0.2401,1,0,0,0,0,0,0,0,1,145.0,SAFE_STOP,倒车完成（前头红外无值）,0,0,1
9.463,518.0,742.0,355.0,1027.0,-0.4027,-0.1176,-0.2869,-0.2422,1,0,0,0,0,0,0,0,1,163.0,SAFE_STOP,倒车完成（前头红外无值）,0,0,1
9.483,518.0,744.0,355.0,1026.0,-0.4027,-0.1176,-0.2869,-0.2443,1,0,0,0,0,0,0,0,1,163.0,SAFE_STOP,倒车完成（前头红外无值）,0,0,1
9.504,518.0,742.0,355.0,1027.0,-0.4027,-0.122,-0.2869,-0.2422,1,0,0,0,0,0,0,0,1,228.0,SAFE_STOP,倒车完成（前头红外无值）,0,0,1
9.524,517.0,742.0,355.0,1027.0,-0.4027,-0.122,-0.2869,-0.2422,1,0,0,0,0,0,0,0,1,161.0,SAFE_STOP,倒车完成（前头红外无值）,0,0,1
9.544,518.0,743.0,355.0,1028.0,-0.4027,-0.122,-0.2869,-0.2422,1,0,0,0,0,0,0,0,1,30.0,SAFE_STOP,倒车完成（前头红外无值）,0,0,1
9.564,518.0,743.0,355.0,1028.0,-0.4027,-0.1198,-0.2869,-0.2401,1,0,0,0,0,0,0,0,1,177.0,SAFE_STOP,倒车完成（前头红外无值）,0,0,1
9.584,518.0,742.0,355.0,1027.0,-0.4027,-0.1198,-0.2869,-0.2401,1,0,0,0,0,0,0,0,1,20.0,SAFE_STOP,倒车完成（前头红外无值）,0,0,1
9.604,518.0,742.0,355.0,1028.0,-0.4027,-0.122,-0.2869,-0.2401,1,0,0,0,0,0,0,0,1,540.0,SAFE_STOP,倒车完成（前头红外无值）,0,0,1
9.624,518.0,743.0,356.0,1028.0,-0.4027,-0.122,-0.2869,-0.2401,1,0,0,0,0,0,0,0,1,213.0,SAFE_STOP,倒车完成（前头红外无值）,0,0,1
9.644,517.0,741.0,354.0,1025.0,-0.4027,-0.122,-0.2869,-0.2401,1,0,0,0,0,0,0,0,1,377.0,SAFE_STOP,倒车完成（前头红外无值）,0,0,1
9.664,518.0,744.0,355.0,1028.0,-0.4027,-0.1198,-0.2869,-0.2401,1,0,0,0,0,0,0,0,1,96.0,SAFE_STOP,倒车完成（前头红外无值）,0,0,1
9.685,518.0,743.0,355.0,1028.0,-0.4027,-0.1198,-0.2869,-0.2401,1,0,0,0,0,0,0,0,1,-4.0,SAFE_STOP,倒车完成（前头红外无值）,0,0,1
9.705,518.0,742.0,355.0,1028.0,-0.4027,-0.1198,-0.2869,-0.2401,1,0,0,0,0,0,0,0,1,161.0,SAFE_STOP,倒车完成（前头红外无值）,0,0,1
9.725,518.0,742.0,355.0,1028.0,-0.4027,-0.122,-0.2869,-0.2401,1,0,0,0,0,0,0,0,1,161.0,SAFE_STOP,倒车完成（前头红外无值）,0,0,1
9.745,518.0,742.0,355.0,1028.0,-0.4027,-0.122,-0.2869,-0.2401,1,0,0,0,0,0,0,0,1,20.0,SAFE_STOP,倒车完成（前头红外无值）,0,0,1
9.765,518.0,743.0,355.0,1028.0,-0.4027,-0.122,-0.2869,-0.2401,1,0,0,0,0,0,0,0,1,407.0,SAFE_STOP,倒车完成（前头红外无值）,0,0,1
9.785,518.0,742.0,354.0,1027.0,-0.4027,-0.122,-0.2869,-0.2401,1,0,0,0,0,0,0,0,1,195.0,SAFE_STOP,倒车完成（前头红外无值）,0,0,1
9.805,519.0,744.0,356.0,1028.0,-0.4027,-0.1198,-0.2869,-0.2401,1,0,0,0,0,0,0,0,1,356.0,SAFE_STOP,倒车完成（前头红外无值）,0,0,1
9.825,518.0,742.0,355.0,1028.0,-0.4027,-0.122,-0.2869,-0.2401,1,0,0,0,0,0,0,0,1,162.0,SAFE_STOP,倒车完成（前头红外无值）,0,0,1
9.846,518.0,742.0,355.0,1027.0,-0.4027,-0.122,-0.2869,-0.2401,1,0,0,0,0,0,0,0,1,130.0,SAFE_STOP,倒车完成（前头红外无值）,0,0,1
9.866,518.0,743.0,355.0,1028.0,-0.4027,-0.122,-0.2869,-0.2401,1,0,0,0,0,0,0,0,1,227.0,SAFE_STOP,倒车完成（前头红外无值）,0,0,1
9.886,518.0,743.0,355.0,1028.0,-0.4027,-0.1198,-0.2869,-0.2401,1,0,0,0,0,0,0,0,1,47.0,SAFE_STOP,倒车完成（前头红外无值）,0,0,1
9.906,519.0,743.0,356.0,1028.0,-0.4027,-0.1198,-0.2869,-0.2401,1,0,0,0,0,0,0,0,1,194.0,SAFE_STOP,倒车完成（前头红外无值）,0,0,1
9.926,518.0,744.0,355.0,1028.0,-0.4027,-0.1198,-0.2869,-0.2401,1,0,0,0,0,0,0,0,1,162.0,SAFE_STOP,倒车完成（前头红外无值）,0,0,1
9.946,518.0,744.0,355.0,1028.0,-0.4027,-0.1176,-0.2869,-0.2401,1,0,0,0,0,0,0,0,1,179.0,SAFE_STOP,倒车完成（前头红外无值）,0,0,1
9.967,518.0,743.0,355.0,1027.0,-0.4027,-0.1176,-0.2869,-0.2401,1,0,0,0,0,0,0,0,1,196.0,SAFE_STOP,倒车完成（前头红外无值）,0,0,1
9.987,517.0,742.0,355.0,1028.0,-0.4027,-0.1198,-0.2869,-0.2401,1,0,0,0,0,0,0,0,1,195.0,SAFE_STOP,倒车完成（前头红外无值）,0,0,1
10.007,517.0,743.0,355.0,1028.0,-0.4054,-0.1198,-0.2869,-0.2401,1,0,0,0,0,0,0,0,1,389.0,SAFE_STOP,倒车完成（前头红外无值）,0,0,1
10.027,519.0,742.0,355.0,1028.0,-0.4054,-0.122,-0.2869,-0.2401,1,0,0,0,0,0,0,0,1,144.0,SAFE_STOP,倒车完成（前头红外无值）,0,0,1
10.047,518.0,744.0,355.0,1028.0,-0.4027,-0.1198,-0.2869,-0.2401,1,0,0,0,0,0,0,0,1,179.0,SAFE_STOP,倒车完成（前头红外无值）,0,0,1
10.067,518.0,743.0,355.0,1028.0,-0.4027,-0.1198,-0.2869,-0.2401,1,0,0,0,0,0,0,0,1,162.0,SAFE_STOP,倒车完成（前头红外无值）,0,0,1
10.087,518.0,742.0,354.0,1028.0,-0.4027,-0.1198,-0.2869,-0.2401,1,0,0,0,0,0,0,0,1,63.0,SAFE_STOP,倒车完成（前头红外无值）,0,0,1
10.107,518.0,743.0,356.0,1028.0,-0.4027,-0.1198,-0.2869,-0.2401,1,0,0,0,0,0,0,0,1,-5.0,SAFE_STOP,倒车完成（前头红外无值）,0,0,1
10.127,518.0,743.0,355.0,1028.0,-0.4027,-0.1198,-0.2869,-0.2401,1,0,0,0,0,0,0,0,1,147.0,SAFE_STOP,倒车完成（前头红外无值）,0,0,1
10.148,518.0,743.0,355.0,1028.0,-0.4027,-0.1198,-0.2869,-0.2401,1,0,0,0,0,0,0,0,1,147.0,SAFE_STOP,倒车完成（前头红外无值）,0,0,1
10.168,518.0,741.0,355.0,1028.0,-0.4027,-0.1198,-0.2869,-0.2401,1,0,0,0,0,0,0,0,1,317.0,SAFE_STOP,倒车完成（前头红外无值）,0,0,1
10.188,518.0,743.0,355.0,1028.0,-0.4027,-0.1198,-0.2869,-0.2401,1,0,0,0,0,0,0,0,1,162.0,SAFE_STOP,倒车完成（前头红外无值）,0,0,1
10.208,519.0,743.0,355.0,1028.0,-0.4027,-0.1198,-0.2869,-0.2401,1,0,0,0,0,0,0,0,1,212.0,SAFE_STOP,倒车完成（前头红外无值）,0,0,1
10.228,517.0,741.0,354.0,1026.0,-0.4027,-0.1198,-0.2869,-0.2401,1,0,0,0,0,0,0,0,1,341.0,SAFE_STOP,倒车完成（前头红外无值）,0,0,1
10.248,518.0,743.0,356.0,1028.0,-0.4027,-0.1198,-0.2869,-0.2401,1,0,0,0,0,0,0,0,1,178.0,SAFE_STOP,倒车完成（前头红外无值）,0,0,1
10.269,518.0,743.0,356.0,1028.0,-0.4027,-0.1198,-0.2841,-0.2401,1,0,0,0,0,0,0,0,1,-5.0,SAFE_STOP,倒车完成（前头红外无值）,0,0,1
10.289,518.0,742.0,355.0,1027.0,-0.4027,-0.1198,-0.2841,-0.2401,1,0,0,0,0,0,0,0,1,186.0,SAFE_STOP,倒车完成（前头红外无值）,0,0,1
10.309,518.0,742.0,354.0,1027.0,-0.4027,-0.122,-0.2869,-0.2422,1,0,0,0,0,0,0,0,1,33.0,SAFE_STOP,倒车完成（前头红外无值）,0,0,1
10.33,518.0,743.0,355.0,1028.0,-0.4027,-0.122,-0.2869,-0.2422,1,0,0,0,0,0,0,0,1,471.0,SAFE_STOP,倒车完成（前头红外无值）,0,0,1
10.35,517.0,742.0,354.0,1026.0,-0.4027,-0.122,-0.2897,-0.2422,1,0,0,0,0,0,0,0,1,196.0,SAFE_STOP,倒车完成（前头红外无值）,0,0,1
10.37,518.0,743.0,355.0,1028.0,-0.4027,-0.1198,-0.2869,-0.2401,1,0,0,0,0,0,0,0,1,267.0,SAFE_STOP,倒车完成（前头红外无值）,0,0,1
10.39,518.0,742.0,355.0,1027.0,-0.4027,-0.122,-0.2869,-0.2422,1,0,0,0,0,0,0,0,1,145.0,SAFE_STOP,倒车完成（前头红外无值）,0,0,1
10.41,517.0,741.0,354.0,1026.0,-0.4027,-0.122,-0.2869,-0.2422,1,0,0,0,0,0,0,0,1,161.0,SAFE_STOP,倒车完成（前头红外无值）,0,0,1
10.431,517.0,741.0,355.0,1026.0,-0.4054,-0.1242,-0.2869,-0.2443,1,0,0,0,0,0,0,0,1,179.0,SAFE_STOP,倒车完成（前头红外无值）,0,0,1
10.451,516.0,743.0,355.0,1029.0,-0.4054,-0.1242,-0.2869,-0.2443,1,0,0,0,0,0,0,0,1,227.0,SAFE_STOP,倒车完成（前头红外无值）,0,0,1
10.471,518.0,743.0,355.0,1028.0,-0.4054,-0.1198,-0.2869,-0.2401,1,0,0,0,0,0,0,0,1,213.0,SAFE_STOP,倒车完成（前头红外无值）,0,0,1
10.491,518.0,743.0,355.0,1028.0,-0.4027,-0.1198,-0.2869,-0.2401,1,0,0,0,0,0,0,0,1,146.0,SAFE_STOP,倒车完成（前头红外无值）,0,0,1
10.511,518.0,743.0,355.0,1028.0,-0.4027,-0.1198,-0.2869,-0.2401,1,0,0,0,0,0,0,0,1,47.0,SAFE_STOP,倒车完成（前头红外无值）,0,0,1
10.531,518.0,742.0,355.0,1026.0,-0.4027,-0.1198,-0.2869,-0.2401,1,0,0,0,0,0,0,0,1,162.0,SAFE_STOP,倒车完成（前头红外无值）,0,0,1
10.551,517.0,742.0,356.0,1028.0,-0.4027,-0.122,-0.2869,-0.2401,1,0,0,0,0,0,0,0,1,212.0,SAFE_STOP,倒车完成（前头红外无值）,0,0,1
10.571,517.0,742.0,356.0,1028.0,-0.4054,-0.122,-0.2841,-0.2401,1,0,0,0,0,0,0,0,1,212.0,SAFE_STOP,倒车完成（前头红外无值）,0,0,1
10.592,518.0,742.0,355.0,1028.0,-0.4054,-0.122,-0.2841,-0.2401,1,0,0,0,0,0,0,0,1,423.0,SAFE_STOP,倒车完成（前头红外无值）,0,0,1
10.612,517.0,741.0,354.0,1026.0,-0.4054,-0.122,-0.2869,-0.2401,1,0,0,0,0,0,0,0,1,210.0,SAFE_STOP,倒车完成（前头红外无值）,0,0,1
10.632,517.0,743.0,355.0,1028.0,-0.4054,-0.122,-0.2869,-0.2401,1,0,0,0,0,0,0,0,1,162.0,SAFE_STOP,倒车完成（前头红外无值）,0,0,1
10.652,518.0,743.0,356.0,1028.0,-0.4054,-0.1198,-0.2869,-0.2401,1,0,0,0,0,0,0,0,1,213.0,SAFE_STOP,倒车完成（前头红外无值）,0,0,1
10.672,517.0,742.0,354.0,1026.0,-0.4054,-0.1198,-0.2869,-0.2401,1,0,0,0,0,0,0,0,1,11.0,SAFE_STOP,倒车完成（前头红外无值）,0,0,1
10.692,518.0,743.0,355.0,1029.0,-0.4027,-0.1198,-0.2869,-0.2401,1,0,0,0,0,0,0,0,1,191.0,SAFE_STOP,倒车完成（前头红外无值）,0,0,1
10.712,518.0,743.0,356.0,1029.0,-0.4027,-0.1198,-0.2869,-0.238,1,0,0,0,0,0,0,0,1,211.0,SAFE_STOP,倒车完成（前头红外无值）,0,0,1
10.732,516.0,739.0,354.0,1025.0,-0.4027,-0.1198,-0.2869,-0.238,1,0,0,0,0,0,0,0,1,96.0,SAFE_STOP,倒车完成（前头红外无值）,0,0,1
10.753,518.0,741.0,355.0,1027.0,-0.4027,-0.1242,-0.2869,-0.2422,1,0,0,0,0,0,0,0,1,145.0,SAFE_STOP,倒车完成（前头红外无值）,0,0,1
10.773,516.0,741.0,354.0,1025.0,-0.4082,-0.1242,-0.2897,-0.2463,1,0,0,0,0,0,0,0,1,162.0,SAFE_STOP,倒车完成（前头红外无值）,0,0,1
10.793,517.0,742.0,354.0,1027.0,-0.4054,-0.1242,-0.2897,-0.2422,1,0,0,0,0,0,0,0,1,178.0,SAFE_STOP,倒车完成（前头红外无值）,0,0,1
10.813,518.0,743.0,355.0,1027.0,-0.4054,-0.122,-0.2897,-0.2422,1,0,0,0,0,0,0,0,1,228.0,SAFE_STOP,倒车完成（前头红外无值）,0,0,1
10.833,517.0,741.0,354.0,1026.0,-0.4054,-0.122,-0.2897,-0.2422,1,0,0,0,0,0,0,0,1,145.0,SAFE_STOP,倒车完成（前头红外无值）,0,0,1
10.853,516.0,739.0,353.0,1024.0,-0.4054,-0.1242,-0.2897,-0.2443,1,0,0,0,0,0,0,0,1,144.0,SAFE_STOP,倒车完成（前头红外无值）,0,0,1
10.874,517.0,740.0,354.0,1026.0,-0.4054,-0.1264,-0.2897,-0.2443,1,0,0,0,0,0,0,0,1,96.0,SAFE_STOP,倒车完成（前头红外无值）,0,0,1
10.894,517.0,741.0,354.0,1025.0,-0.4054,-0.1264,-0.2897,-0.2463,1,0,0,0,0,0,0,0,1,163.0,SAFE_STOP,倒车完成（前头红外无值）,0,0,1
10.914,516.0,739.0,354.0,1024.0,-0.4054,-0.1264,-0.2897,-0.2463,1,0,0,0,0,0,0,0,1,196.0,SAFE_STOP,倒车完成（前头红外无值）,0,0,1
10.934,516.0,740.0,354.0,1025.0,-0.4082,-0.1264,-0.2897,-0.2463,1,0,0,0,0,0,0,0,1,129.0,SAFE_STOP,倒车完成（前头红外无值）,0,0,1
10.954,517.0,740.0,354.0,1024.0,-0.4082,-0.1264,-0.2897,-0.2484,1,0,0,0,0,0,0,0,1,217.0,SAFE_STOP,倒车完成（前头红外无值）,0,0,1
10.975,517.0,740.0,353.0,1025.0,-0.4054,-0.1264,-0.2897,-0.2463,1,0,0,0,0,0,0,0,1,230.0,SAFE_STOP,倒车完成（前头红外无值）,0,0,1
10.995,517.0,740.0,353.0,1025.0,-0.4054,-0.1264,-0.2925,-0.2463,1,0,0,0,0,0,0,0,1,230.0,SAFE_STOP,倒车完成（前头红外无值）,0,0,1
11.015,516.0,740.0,354.0,1025.0,-0.4054,-0.1264,-0.2925,-0.2463,1,0,0,0,0,0,0,0,1,408.0,SAFE_STOP,倒车完成（前头红外无值）,0,0,1
11.036,517.0,741.0,354.0,1025.0,-0.4054,-0.1264,-0.2897,-0.2463,1,0,0,0,0,0,0,0,1,181.0,SAFE_STOP,倒车完成（前头红外无值）,0,0,1
11.056,515.0,739.0,353.0,1024.0,-0.4082,-0.1264,-0.2897,-0.2463,1,0,0,0,0,0,0,0,1,193.0,SAFE_STOP,倒车完成（前头红外无值）,0,0,1
11.076,516.0,739.0,353.0,1025.0,-0.4082,-0.1285,-0.2925,-0.2463,1,0,0,0,0,0,0,0,1,196.0,SAFE_STOP,倒车完成（前头红外无值）,0,0,1
11.096,518.0,741.0,355.0,1026.0,-0.4082,-0.1285,-0.2925,-0.2463,1,0,0,0,0,0,0,0,1,-19.0,SAFE_STOP,倒车完成（前头红外无值）,0,0,1
11.116,516.0,740.0,354.0,1025.0,-0.4082,-0.1264,-0.2897,-0.2463,1,0,0,0,0,0,0,0,1,146.0,SAFE_STOP,倒车完成（前头红外无值）,0,0,1
11.136,516.0,740.0,353.0,1024.0,-0.4082,-0.1264,-0.2897,-0.2463,1,0,0,0,0,0,0,0,1,62.0,SAFE_STOP,倒车完成（前头红外无值）,0,0,1
11.157,517.0,740.0,354.0,1026.0,-0.4082,-0.1264,-0.2897,-0.2463,1,0,0,0,0,0,0,0,1,390.0,SAFE_STOP,倒车完成（前头红外无值）,0,0,1
11.177,516.0,740.0,354.0,1025.0,-0.4082,-0.1264,-0.2897,-0.2463,1,0,0,0,0,0,0,0,1,212.0,SAFE_STOP,倒车完成（前头红外无值）,0,0,1
11.197,516.0,739.0,353.0,1024.0,-0.4082,-0.1264,-0.2897,-0.2463,1,0,0,0,0,0,0,0,1,426.0,SAFE_STOP,倒车完成（前头红外无值）,0,0,1
11.217,515.0,738.0,353.0,1021.0,-0.4082,-0.1285,-0.2925,-0.2484,1,0,0,0,0,0,0,0,1,196.0,SAFE_STOP,倒车完成（前头红外无值）,0,0,1
