t,front,rear,left,right
0.001,1920.0,2278.0,1621.0,2502.0
0.022,1921.0,2280.0,1623.0,2504.0
0.042,1924.0,2281.0,1624.0,2505.0
0.063,1920.0,2277.0,1620.0,2501.0
0.084,1924.0,2283.0,1624.0,2506.0
0.104,1925.0,2282.0,1625.0,2507.0
0.125,1924.0,2282.0,1625.0,2507.0
0.145,1924.0,2282.0,1626.0,2507.0
0.165,1925.0,2283.0,1626.0,2508.0
0.186,1923.0,2282.0,1624.0,2505.0
0.206,1924.0,2282.0,1625.0,2506.0
0.227,1920.0,2280.0,1624.0,2504.0
0.247,1924.0,2282.0,1625.0,2507.0
0.268,1924.0,2282.0,1626.0,2507.0
0.288,1924.0,2281.0,1625.0,2507.0
0.308,1926.0,2283.0,1623.0,2504.0
0.329,1924.0,2284.0,1624.0,2505.0
0.349,1924.0,2286.0,1624.0,2506.0
0.37,1924.0,2283.0,1626.0,2508.0
0.39,1924.0,2283.0,1625.0,2508.0
0.41,1924.0,2282.0,1626.0,2508.0
0.431,1924.0,2282.0,1624.0,2506.0
0.451,1923.0,2277.0,1624.0,2506.0
0.472,1925.0,2284.0,1625.0,2507.0
0.492,1927.0,2285.0,1627.0,2510.0
0.512,1926.0,2284.0,1627.0,2509.0
0.533,1926.0,2286.0,1623.0,2509.0
0.553,1926.0,2285.0,1624.0,2505.0
0.574,1924.0,2282.0,1625.0,2506.0
0.594,1925.0,2284.0,1626.0,2508.0
0.615,1926.0,2284.0,1626.0,2509.0
0.636,1925.0,2285.0,1625.0,2508.0
0.656,1922.0,2280.0,1624.0,2505.0
0.677,1925.0,2283.0,1625.0,2507.0
0.697,1926.0,2284.0,1627.0,2509.0
0.718,1922.0,2281.0,1624.0,2505.0
0.739,1924.0,2283.0,1625.0,2507.0
0.759,1925.0,2283.0,1625.0,2507.0
0.78,1925.0,2283.0,1626.0,2507.0
0.801,1925.0,2283.0,1626.0,2506.0
0.821,1926.0,2284.0,1626.0,2508.0
0.842,1921.0,2280.0,1622.0,2504.0
0.863,1926.0,2285.0,1627.0,2509.0
0.884,1925.0,2285.0,1626.0,2509.0
0.904,1926.0,2285.0,1627.0,2509.0
0.925,1925.0,2283.0,1624.0,2505.0
0.946,1925.0,2283.0,1625.0,2508.0
0.966,1925.0,2284.0,1625.0,2508.0
0.987,1924.0,2284.0,1624.0,2507.0
1.008,1923.0,2284.0,1624.0,2506.0
1.029,1924.0,2281.0,1623.0,2505.0
1.05,1926.0,2284.0,1625.0,2506.0
1.071,1923.0,2281.0,1624.0,2505.0
1.092,1924.0,2282.0,1624.0,2506.0
1.113,1923.0,2281.0,1622.0,2505.0
1.133,1925.0,2284.0,1625.0,2508.0
1.154,1924.0,2283.0,1624.0,2506.0
1.175,1924.0,2282.0,1625.0,2507.0
1.195,1926.0,2285.0,1626.0,2508.0
1.216,1925.0,2284.0,1626.0,2508.0
1.236,1925.0,2284.0,1625.0,2508.0
1.257,1925.0,2282.0,1625.0,2507.0
1.278,1925.0,2283.0,1624.0,2507.0
1.298,1924.0,2284.0,1624.0,2507.0
1.319,1924.0,2282.0,1626.0,2506.0
1.34,1926.0,2284.0,1626.0,2509.0
1.36,1926.0,2285.0,1626.0,2509.0
1.381,1924.0,2281.0,1624.0,2506.0
1.402,1924.0,2284.0,1625.0,2507.0
1.423,1926.0,2285.0,1627.0,2510.0
1.443,1927.0,2285.0,1626.0,2509.0
1.464,1924.0,2283.0,1625.0,2506.0
1.485,1924.0,2282.0,1625.0,2507.0
1.505,1925.0,2284.0,1625.0,2508.0
1.526,1925.0,2284.0,1626.0,2508.0
1.547,1925.0,2284.0,1625.0,2508.0
1.567,1925.0,2285.0,1625.0,2507.0
1.588,1925.0,2283.0,1624.0,2506.0
1.609,1926.0,2284.0,1626.0,2509.0
1.629,1926.0,2284.0,1626.0,2508.0
1.65,1925.0,2284.0,1625.0,2508.0
1.671,1923.0,2283.0,1624.0,2505.0
1.691,1926.0,2285.0,1626.0,2509.0
1.712,1925.0,2284.0,1625.0,2508.0
1.733,1926.0,2284.0,1625.0,2508.0
1.754,1924.0,2282.0,1623.0,2505.0
1.774,1925.0,2284.0,1626.0,2509.0
1.795,1925.0,2283.0,1627.0,2509.0
1.816,1926.0,2284.0,1627.0,2509.0
1.836,1926.0,2285.0,1627.0,2508.0
1.857,1926.0,2285.0,1625.0,2509.0
1.878,1924.0,2281.0,1625.0,2508.0
1.898,1926.0,2284.0,1626.0,2508.0
1.919,1925.0,2284.0,1625.0,2507.0
1.94,1924.0,2282.0,1624.0,2505.0
1.96,1925.0,2282.0,1626.0,2508.0
1.981,1925.0,2283.0,1626.0,2508.0
2.002,1924.0,2285.0,1624.0,2506.0
2.022,1927.0,2285.0,1627.0,2510.0
2.043,1924.0,2282.0,1624.0,2506.0
2.064,1923.0,2280.0,1623.0,2505.0
2.085,1925.0,2285.0,1627.0,2509.0
2.106,1924.0,2283.0,1624.0,2508.0
2.127,1923.0,2280.0,1625.0,2505.0
2.148,1918.0,2275.0,1618.0,2498.0
2.168,1920.0,2278.0,1621.0,2500.0
2.189,1927.0,2285.0,1627.0,2509.0
2.21,1927.0,2285.0,1625.0,2510.0
2.23,1926.0,2285.0,1627.0,2509.0
2.251,1926.0,2285.0,1627.0,2509.0
2.271,1923.0,2281.0,1625.0,2504.0
2.292,1925.0,2284.0,1626.0,2508.0
2.312,1923.0,2282.0,1625.0,2508.0
2.333,1923.0,2281.0,1623.0,2506.0
2.354,1920.0,2278.0,1620.0,2503.0
2.374,1923.0,2282.0,1624.0,2506.0
2.396,1918.0,2276.0,1617.0,2498.0
2.416,1922.0,2280.0,1624.0,2505.0
2.437,1923.0,2281.0,1623.0,2505.0
2.458,1924.0,2281.0,1624.0,2507.0
2.479,1923.0,2281.0,1624.0,2505.0
2.5,1922.0,2280.0,1624.0,2505.0
2.521,1920.0,2277.0,1621.0,2502.0
2.541,1920.0,2276.0,1620.0,2501.0
2.562,1918.0,2275.0,1619.0,2498.0
2.582,1921.0,2279.0,1622.0,2504.0
2.603,1921.0,2280.0,1621.0,2502.0
2.623,1920.0,2277.0,1620.0,2501.0
2.644,1920.0,2278.0,1621.0,2502.0
2.664,1918.0,2275.0,1619.0,2499.0
2.685,1920.0,2276.0,1621.0,2501.0
2.706,1920.0,2277.0,1621.0,2502.0
2.726,1909.0,2265.0,1609.0,2488.0
2.747,1913.0,2272.0,1613.0,2494.0
2.767,1911.0,2267.0,1612.0,2491.0
2.788,1911.0,2266.0,1609.0,2491.0
2.808,1920.0,2277.0,1620.0,2501.0
2.829,1921.0,2280.0,1622.0,2503.0
2.85,1919.0,2275.0,1618.0,2500.0
2.87,1922.0,2280.0,1624.0,2505.0
2.891,1921.0,2279.0,1622.0,2504.0
2.911,1920.0,2277.0,1621.0,2502.0
2.932,1920.0,2277.0,1620.0,2501.0
2.952,1921.0,2280.0,1621.0,2502.0
2.973,1922.0,2280.0,1624.0,2504.0
2.993,1923.0,2280.0,1626.0,2506.0
3.014,1924.0,2280.0,1623.0,2506.0
3.034,1926.0,2284.0,1626.0,2508.0
3.055,1926.0,2285.0,1625.0,2505.0
3.075,1921.0,2279.0,1624.0,2504.0
3.096,1923.0,2280.0,1624.0,2506.0
3.116,1925.0,2282.0,1626.0,2507.0
3.137,1921.0,2277.0,1619.0,2500.0
3.158,1924.0,2281.0,1625.0,2506.0
3.179,1925.0,2283.0,1625.0,2507.0
3.199,1927.0,2285.0,1625.0,2510.0
3.22,1921.0,2278.0,1623.0,2504.0
3.24,1924.0,2283.0,1625.0,2507.0
3.261,1923.0,2282.0,1625.0,2506.0
3.281,1925.0,2283.0,1625.0,2507.0
3.302,1922.0,2280.0,1623.0,2504.0
3.322,1924.0,2283.0,1625.0,2507.0
3.342,1925.0,2283.0,1625.0,2507.0
3.363,1926.0,2284.0,1627.0,2509.0
3.383,1927.0,2286.0,1626.0,2507.0
3.404,1924.0,2282.0,1625.0,2507.0
3.424,1924.0,2282.0,1624.0,2505.0
3.444,1925.0,2282.0,1625.0,2506.0
3.465,1926.0,2285.0,1627.0,2509.0
3.485,1925.0,2283.0,1625.0,2507.0
3.506,1922.0,2281.0,1623.0,2504.0
3.526,1924.0,2282.0,1625.0,2506.0
3.547,1925.0,2284.0,1626.0,2508.0
3.567,1924.0,2282.0,1625.0,2507.0
3.587,1926.0,2286.0,1626.0,2509.0
3.608,1925.0,2285.0,1625.0,2507.0
3.628,1923.0,2282.0,1623.0,2505.0
3.649,1925.0,2283.0,1626.0,2508.0
3.669,1926.0,2285.0,1627.0,2509.0
3.689,1923.0,2283.0,1624.0,2505.0
3.71,1924.0,2282.0,1624.0,2505.0
3.73,1924.0,2281.0,1625.0,2506.0
3.751,1925.0,2284.0,1626.0,2508.0
3.771,1925.0,2283.0,1626.0,2508.0
3.792,1924.0,2283.0,1624.0,2504.0
3.812,1924.0,2283.0,1625.0,2507.0
3.832,1924.0,2282.0,1625.0,2508.0
3.853,1924.0,2282.0,1625.0,2506.0
3.873,1923.0,2281.0,1624.0,2504.0
3.894,1923.0,2282.0,1625.0,2506.0
3.914,1922.0,2280.0,1624.0,2504.0
3.935,1923.0,2281.0,1624.0,2505.0
3.956,1924.0,2284.0,1625.0,2508.0
3.976,1926.0,2283.0,1625.0,2506.0
3.997,1924.0,2284.0,1627.0,2509.0
4.018,1926.0,2285.0,1626.0,2509.0
4.038,1925.0,2284.0,1627.0,2508.0
4.059,1926.0,2284.0,1627.0,2510.0
4.08,1924.0,2284.0,1626.0,2507.0
4.1,1925.0,2284.0,1627.0,2509.0
4.121,1923.0,2281.0,1623.0,2505.0
4.142,1926.0,2286.0,1626.0,2508.0
4.163,1923.0,2282.0,1624.0,2506.0
4.184,1921.0,2280.0,1622.0,2504.0
4.205,1921.0,2280.0,1621.0,2504.0
4.225,1924.0,2283.0,1625.0,2507.0
4.246,1925.0,2283.0,1626.0,2508.0
4.266,1922.0,2280.0,1624.0,2505.0
4.287,1924.0,2282.0,1626.0,2508.0
4.307,1924.0,2284.0,1626.0,2506.0
4.328,1925.0,2284.0,1625.0,2507.0
4.349,1926.0,2284.0,1626.0,2508.0
4.369,1921.0,2278.0,1624.0,2504.0
4.39,1924.0,2283.0,1623.0,2504.0
4.411,1926.0,2285.0,1627.0,2509.0
4.431,1926.0,2284.0,1626.0,2509.0
4.452,1925.0,2281.0,1627.0,2508.0
4.473,1925.0,2284.0,1625.0,2508.0
4.493,1926.0,2285.0,1626.0,2509.0
4.514,1925.0,2284.0,1625.0,2509.0
4.535,1924.0,2283.0,1624.0,2506.0
4.555,1925.0,2284.0,1625.0,2508.0
4.576,1926.0,2285.0,1628.0,2510.0
4.597,1925.0,2283.0,1626.0,2508.0
4.617,1926.0,2284.0,1625.0,2508.0
4.638,1925.0,2284.0,1625.0,2508.0
4.659,1925.0,2284.0,1625.0,2508.0
4.679,1924.0,2282.0,1624.0,2507.0
4.7,1925.0,2284.0,1626.0,2508.0
4.721,1924.0,2282.0,1625.0,2508.0
4.741,1924.0,2282.0,1624.0,2507.0
4.762,1923.0,2281.0,1625.0,2505.0
4.783,1926.0,2284.0,1626.0,2507.0
4.803,1926.0,2285.0,1625.0,2507.0
4.824,1927.0,2285.0,1627.0,2510.0
4.844,1927.0,2284.0,1627.0,2509.0
4.865,1924.0,2284.0,1625.0,2506.0
4.886,1926.0,2284.0,1626.0,2508.0
4.906,1925.0,2284.0,1627.0,2509.0
4.927,1924.0,2282.0,1625.0,2507.0
4.948,1925.0,2284.0,1625.0,2507.0
4.968,1926.0,2285.0,1626.0,2509.0
4.989,1925.0,2285.0,1626.0,2507.0
5.01,1925.0,2284.0,1626.0,2509.0
5.031,1927.0,2285.0,1627.0,2509.0
5.051,1927.0,2286.0,1626.0,2510.0
5.072,1924.0,2282.0,1625.0,2506.0
5.093,1926.0,2285.0,1626.0,2508.0
5.113,1925.0,2283.0,1624.0,2506.0
5.134,1921.0,2278.0,1623.0,2504.0
5.155,1922.0,2280.0,1622.0,2504.0
5.176,1924.0,2282.0,1624.0,2507.0
5.197,1923.0,2282.0,1624.0,2506.0
5.218,1923.0,2281.0,1623.0,2505.0
5.239,1922.0,2281.0,1623.0,2505.0
5.259,1926.0,2285.0,1626.0,2509.0
5.28,1925.0,2284.0,1626.0,2508.0
5.301,1924.0,2283.0,1624.0,2506.0
5.321,1925.0,2283.0,1625.0,2508.0
5.342,1925.0,2284.0,1626.0,2508.0
5.363,1925.0,2284.0,1625.0,2508.0
5.383,1925.0,2285.0,1627.0,2508.0
5.404,1923.0,2281.0,1624.0,2504.0
5.424,1925.0,2285.0,1626.0,2508.0
5.445,1926.0,2284.0,1626.0,2509.0
5.466,1926.0,2284.0,1625.0,2509.0
5.486,1925.0,2284.0,1624.0,2507.0
5.507,1926.0,2285.0,1626.0,2508.0
5.528,1920.0,2279.0,1624.0,2502.0
5.548,1923.0,2282.0,1625.0,2507.0
5.569,1925.0,2285.0,1626.0,2508.0
5.59,1925.0,2285.0,1625.0,2508.0
5.61,1924.0,2282.0,1626.0,2508.0
5.631,1925.0,2284.0,1626.0,2508.0
5.652,1926.0,2285.0,1627.0,2510.0
5.672,1925.0,2284.0,1625.0,2508.0
5.693,1923.0,2280.0,1623.0,2504.0
5.714,1926.0,2284.0,1626.0,2508.0
5.735,1925.0,2283.0,1624.0,2508.0
5.755,1923.0,2282.0,1622.0,2504.0
5.776,1925.0,2284.0,1627.0,2508.0
5.797,1924.0,2283.0,1625.0,2506.0
5.817,1925.0,2284.0,1625.0,2508.0
5.838,1926.0,2285.0,1627.0,2509.0
5.859,1926.0,2285.0,1626.0,2509.0
5.879,1925.0,2284.0,1625.0,2507.0
5.9,1925.0,2284.0,1626.0,2508.0
5.921,1925.0,2283.0,1625.0,2507.0
5.941,1922.0,2284.0,1624.0,2504.0
5.962,1925.0,2284.0,1625.0,2508.0
5.983,1925.0,2283.0,1626.0,2508.0
6.003,1924.0,2284.0,1625.0,2507.0
6.024,1925.0,2283.0,1626.0,2508.0
6.044,1926.0,2285.0,1626.0,2508.0
6.065,1924.0,2284.0,1625.0,2506.0
6.086,1923.0,2282.0,1623.0,2504.0
6.106,1927.0,2285.0,1628.0,2510.0
6.127,1925.0,2284.0,1626.0,2507.0
6.148,1926.0,2285.0,1626.0,2508.0
6.168,1925.0,2282.0,1623.0,2505.0
6.19,1922.0,2281.0,1622.0,2503.0
6.21,1922.0,2281.0,1624.0,2504.0
6.231,1922.0,2281.0,1622.0,2504.0
6.252,1921.0,2279.0,1623.0,2504.0
6.273,1921.0,2278.0,1620.0,2503.0
6.294,1924.0,2283.0,1624.0,2506.0
6.314,1925.0,2283.0,1625.0,2508.0
6.335,1921.0,2280.0,1621.0,2501.0
6.356,1925.0,2284.0,1625.0,2507.0
6.376,1926.0,2286.0,1624.0,2505.0
6.397,1927.0,2285.0,1626.0,2508.0
6.417,1925.0,2284.0,1625.0,2506.0
6.438,1924.0,2283.0,1624.0,2505.0
6.459,1925.0,2285.0,1626.0,2508.0
6.479,1925.0,2284.0,1626.0,2508.0
6.5,1924.0,2282.0,1626.0,2506.0
6.521,1926.0,2285.0,1626.0,2509.0
6.541,1925.0,2284.0,1626.0,2508.0
6.562,1922.0,2281.0,1623.0,2504.0
6.583,1925.0,2283.0,1625.0,2506.0
6.603,1925.0,2282.0,1625.0,2507.0
6.624,1924.0,2282.0,1625.0,2505.0
6.645,1926.0,2284.0,1626.0,2508.0
6.665,1926.0,2285.0,1626.0,2508.0
6.686,1925.0,2284.0,1625.0,2508.0
6.707,1925.0,2284.0,1626.0,2508.0
6.727,1922.0,2281.0,1623.0,2504.0
6.748,1925.0,2284.0,1626.0,2507.0
6.769,1925.0,2284.0,1626.0,2507.0
6.789,1925.0,2284.0,1625.0,2507.0
6.81,1924.0,2283.0,1626.0,2506.0
6.831,1924.0,2282.0,1625.0,2507.0
6.851,1924.0,2283.0,1626.0,2508.0
6.872,1924.0,2283.0,1625.0,2508.0
6.893,1925.0,2281.0,1625.0,2508.0
6.913,1925.0,2284.0,1625.0,2508.0
6.934,1925.0,2284.0,1625.0,2507.0
6.955,1925.0,2283.0,1625.0,2507.0
6.975,1925.0,2283.0,1626.0,2508.0
6.996,1928.0,2285.0,1625.0,2509.0
7.017,1923.0,2281.0,1625.0,2505.0
7.037,1925.0,2282.0,1625.0,2507.0
7.058,1924.0,2284.0,1625.0,2508.0
7.079,1925.0,2283.0,1626.0,2508.0
7.099,1925.0,2284.0,1626.0,2508.0
7.12,1923.0,2282.0,1624.0,2505.0
7.141,1924.0,2282.0,1625.0,2507.0
7.161,1925.0,2283.0,1625.0,2506.0
7.182,1925.0,2283.0,1625.0,2507.0
7.203,1924.0,2282.0,1624.0,2505.0
7.224,1923.0,2282.0,1624.0,2505.0
7.245,1925.0,2285.0,1626.0,2508.0
7.266,1922.0,2280.0,1621.0,2503.0
7.286,1923.0,2282.0,1623.0,2505.0
7.307,1922.0,2280.0,1623.0,2505.0
7.328,1923.0,2282.0,1623.0,2505.0
7.349,1924.0,2282.0,1624.0,2505.0
7.369,1925.0,2283.0,1624.0,2507.0
7.39,1924.0,2282.0,1623.0,2506.0
7.41,1919.0,2275.0,1620.0,2500.0
7.431,1920.0,2276.0,1621.0,2502.0
7.452,1921.0,2278.0,1622.0,2503.0
7.472,1922.0,2281.0,1621.0,2504.0
7.493,1921.0,2279.0,1622.0,2504.0
7.514,1921.0,2280.0,1621.0,2502.0
7.534,1922.0,2279.0,1622.0,2502.0
7.555,1917.0,2275.0,1620.0,2498.0
7.575,1917.0,2275.0,1619.0,2500.0
7.596,1918.0,2276.0,1619.0,2498.0
7.616,1918.0,2276.0,1619.0,2499.0
7.637,1920.0,2276.0,1619.0,2499.0
7.658,1918.0,2276.0,1620.0,2499.0
7.678,1920.0,2277.0,1619.0,2501.0
7.699,1920.0,2277.0,1620.0,2500.0
7.719,1917.0,2274.0,1618.0,2498.0
7.74,1924.0,2282.0,1624.0,2506.0
7.76,1920.0,2276.0,1621.0,2501.0
7.781,1917.0,2275.0,1617.0,2498.0
7.801,1919.0,2276.0,1621.0,2501.0
7.822,1918.0,2275.0,1620.0,2500.0
7.843,1920.0,2278.0,1620.0,2502.0
7.863,1920.0,2277.0,1618.0,2500.0
7.884,1916.0,2274.0,1616.0,2497.0
7.905,1921.0,2279.0,1622.0,2504.0
7.925,1923.0,2280.0,1624.0,2504.0
7.946,1922.0,2281.0,1623.0,2504.0
7.966,1917.0,2274.0,1620.0,2498.0
7.987,1920.0,2278.0,1620.0,2501.0
8.007,1923.0,2282.0,1622.0,2504.0
8.028,1924.0,2282.0,1626.0,2509.0
8.048,1921.0,2278.0,1623.0,2503.0
8.069,1924.0,2282.0,1624.0,2507.0
8.089,1925.0,2285.0,1627.0,2509.0
8.11,1926.0,2284.0,1622.0,2508.0
8.13,1926.0,2285.0,1624.0,2504.0
8.15,1924.0,2287.0,1624.0,2505.0
8.171,1923.0,2281.0,1625.0,2506.0
8.191,1923.0,2281.0,1624.0,2505.0
8.212,1925.0,2282.0,1625.0,2507.0
8.232,1926.0,2284.0,1627.0,2509.0
8.253,1920.0,2277.0,1620.0,2501.0
8.274,1926.0,2284.0,1624.0,2507.0
8.294,1922.0,2280.0,1622.0,2504.0
8.315,1921.0,2280.0,1621.0,2502.0
8.336,1923.0,2283.0,1624.0,2506.0
8.357,1924.0,2284.0,1625.0,2506.0
8.377,1924.0,2282.0,1625.0,2507.0
8.398,1923.0,2279.0,1624.0,2505.0
8.418,1926.0,2285.0,1624.0,2509.0
8.439,1927.0,2285.0,1626.0,2508.0
8.46,1923.0,2282.0,1624.0,2505.0
8.48,1925.0,2283.0,1626.0,2508.0
8.501,1925.0,2284.0,1625.0,2507.0
8.522,1924.0,2284.0,1625.0,2507.0
8.542,1923.0,2280.0,1625.0,2506.0
8.563,1924.0,2283.0,1624.0,2507.0
8.584,1924.0,2284.0,1626.0,2508.0
8.604,1926.0,2285.0,1626.0,2510.0
8.625,1926.0,2284.0,1626.0,2508.0
8.646,1924.0,2283.0,1624.0,2506.0
8.666,1925.0,2284.0,1625.0,2508.0
8.687,1927.0,2285.0,1628.0,2510.0
8.708,1925.0,2283.0,1626.0,2508.0
8.728,1925.0,2282.0,1624.0,2506.0
8.749,1926.0,2285.0,1627.0,2509.0
8.77,1925.0,2284.0,1626.0,2508.0
8.791,1924.0,2284.0,1626.0,2507.0
8.811,1925.0,2284.0,1626.0,2507.0
8.832,1924.0,2283.0,1625.0,2508.0
8.853,1926.0,2284.0,1626.0,2509.0
8.873,1924.0,2281.0,1625.0,2507.0
8.894,1925.0,2285.0,1625.0,2508.0
8.915,1922.0,2285.0,1623.0,2504.0
8.935,1925.0,2284.0,1625.0,2508.0
8.956,1925.0,2284.0,1626.0,2508.0
8.977,1925.0,2284.0,1625.0,2508.0
8.997,1925.0,2284.0,1624.0,2508.0
9.018,1925.0,2283.0,1626.0,2508.0
9.039,1926.0,2284.0,1626.0,2509.0
9.059,1926.0,2284.0,1626.0,2508.0
9.08,1926.0,2285.0,1626.0,2509.0
9.101,1926.0,2284.0,1626.0,2509.0
9.121,1925.0,2283.0,1624.0,2506.0
9.142,1925.0,2284.0,1624.0,2508.0
9.163,1927.0,2285.0,1627.0,2509.0
9.183,1924.0,2282.0,1627.0,2507.0
9.204,1925.0,2283.0,1625.0,2508.0
9.225,1924.0,2282.0,1624.0,2506.0
9.245,1927.0,2286.0,1626.0,2509.0
9.266,1924.0,2282.0,1625.0,2507.0
9.287,1924.0,2282.0,1624.0,2505.0
9.308,1925.0,2283.0,1626.0,2507.0
9.329,1920.0,2277.0,1619.0,2501.0
9.35,1920.0,2279.0,1621.0,2503.0
9.37,1922.0,2280.0,1623.0,2504.0
9.392,1924.0,2283.0,1625.0,2506.0
9.412,1922.0,2282.0,1621.0,2504.0
9.433,1925.0,2283.0,1625.0,2508.0
9.454,1927.0,2285.0,1627.0,2509.0
9.474,1925.0,2283.0,1623.0,2505.0
9.495,1925.0,2285.0,1625.0,2507.0
9.515,1925.0,2281.0,1626.0,2507.0
9.536,1925.0,2283.0,1626.0,2508.0
9.556,1925.0,2284.0,1626.0,2508.0
9.577,1924.0,2284.0,1625.0,2506.0
9.598,1921.0,2280.0,1624.0,2504.0
9.618,1925.0,2282.0,1625.0,2507.0
9.639,1924.0,2283.0,1626.0,2507.0
9.66,1925.0,2284.0,1625.0,2506.0
9.68,1924.0,2282.0,1624.0,2505.0
9.701,1926.0,2285.0,1626.0,2508.0
9.722,1925.0,2284.0,1625.0,2508.0
9.743,1925.0,2284.0,1624.0,2506.0
9.763,1925.0,2285.0,1625.0,2508.0
9.784,1925.0,2284.0,1626.0,2508.0
9.805,1924.0,2282.0,1624.0,2506.0
9.825,1924.0,2284.0,1625.0,2508.0
9.846,1926.0,2285.0,1626.0,2508.0
9.867,1924.0,2284.0,1625.0,2506.0
9.887,1925.0,2283.0,1625.0,2506.0
9.908,1925.0,2283.0,1625.0,2508.0
9.929,1926.0,2285.0,1625.0,2507.0
9.949,1925.0,2283.0,1625.0,2506.0
9.97,1925.0,2284.0,1625.0,2508.0
9.99,1922.0,2282.0,1623.0,2504.0
10.011,1926.0,2285.0,1626.0,2508.0
10.032,1925.0,2284.0,1625.0,2507.0
10.053,1926.0,2285.0,1625.0,2508.0
10.073,1925.0,2284.0,1625.0,2507.0
10.094,1926.0,2286.0,1625.0,2508.0
10.115,1925.0,2285.0,1626.0,2508.0
10.135,1924.0,2282.0,1624.0,2506.0
10.156,1923.0,2281.0,1624.0,2504.0
10.177,1927.0,2285.0,1627.0,2509.0
10.197,1926.0,2284.0,1627.0,2508.0
10.218,1926.0,2284.0,1626.0,2508.0
10.239,1923.0,2281.0,1624.0,2504.0
10.259,1925.0,2284.0,1625.0,2508.0
10.28,1925.0,2282.0,1625.0,2508.0
10.301,1924.0,2284.0,1626.0,2507.0
10.322,1924.0,2282.0,1624.0,2506.0
10.343,1924.0,2281.0,1624.0,2506.0
10.364,1921.0,2279.0,1622.0,2503.0
10.384,1922.0,2280.0,1623.0,2505.0
10.405,1923.0,2281.0,1624.0,2505.0
10.426,1925.0,2284.0,1624.0,2507.0
10.447,1923.0,2281.0,1623.0,2504.0
10.467,1925.0,2282.0,1625.0,2507.0
10.488,1925.0,2284.0,1626.0,2508.0
10.508,1923.0,2282.0,1625.0,2506.0
10.529,1924.0,2283.0,1624.0,2506.0
10.55,1921.0,2280.0,1622.0,2504.0
10.571,1925.0,2283.0,1626.0,2508.0
10.591,1925.0,2284.0,1626.0,2507.0
10.612,1926.0,2284.0,1626.0,2508.0
10.632,1924.0,2282.0,1624.0,2506.0
10.653,1924.0,2281.0,1624.0,2506.0
10.674,1925.0,2283.0,1624.0,2506.0
10.695,1923.0,2282.0,1624.0,2505.0
10.715,1925.0,2285.0,1625.0,2508.0
10.736,1922.0,2280.0,1624.0,2504.0
10.757,1924.0,2282.0,1624.0,2505.0
10.777,1925.0,2284.0,1625.0,2508.0
10.798,1924.0,2281.0,1624.0,2505.0
10.819,1927.0,2285.0,1624.0,2505.0
10.839,1925.0,2282.0,1624.0,2506.0
10.86,1925.0,2283.0,1625.0,2507.0
10.881,1925.0,2284.0,1625.0,2508.0
10.901,1925.0,2283.0,1625.0,2508.0
10.922,1925.0,2284.0,1625.0,2507.0
10.943,1925.0,2283.0,1625.0,2507.0
10.963,1925.0,2284.0,1625.0,2507.0
10.984,1925.0,2284.0,1626.0,2508.0
11.005,1924.0,2282.0,1625.0,2505.0
11.025,1925.0,2284.0,1625.0,2508.0
11.046,1924.0,2283.0,1624.0,2506.0
11.067,1923.0,2282.0,1624.0,2504.0
11.087,1925.0,2282.0,1626.0,2508.0
11.108,1926.0,2282.0,1626.0,2508.0
11.129,1924.0,2282.0,1626.0,2507.0
11.149,1922.0,2282.0,1624.0,2505.0
11.17,1924.0,2283.0,1626.0,2507.0
11.191,1924.0,2282.0,1625.0,2507.0
11.211,1925.0,2284.0,1626.0,2508.0
11.232,1926.0,2285.0,1626.0,2508.0
11.253,1926.0,2285.0,1627.0,2509.0
11.273,1925.0,2284.0,1625.0,2507.0
11.294,1925.0,2284.0,1625.0,2507.0
11.315,1926.0,2284.0,1626.0,2509.0
11.335,1925.0,2284.0,1625.0,2508.0
11.358,1924.0,2281.0,1624.0,2506.0
11.379,1924.0,2283.0,1624.0,2507.0
11.4,1920.0,2279.0,1621.0,2504.0
11.42,1920.0,2278.0,1621.0,2502.0
11.441,1923.0,2281.0,1623.0,2505.0
11.462,1925.0,2284.0,1625.0,2508.0
11.483,1923.0,2282.0,1624.0,2505.0
11.503,1924.0,2282.0,1625.0,2506.0
11.524,1924.0,2283.0,1625.0,2507.0
11.544,1924.0,2282.0,1625.0,2507.0
11.565,1925.0,2283.0,1625.0,2507.0
11.586,1925.0,2283.0,1625.0,2507.0
11.606,1925.0,2284.0,1625.0,2507.0
11.627,1923.0,2282.0,1622.0,2504.0
11.648,1925.0,2282.0,1625.0,2506.0
11.668,1924.0,2282.0,1625.0,2506.0
11.689,1925.0,2284.0,1625.0,2505.0
11.71,1925.0,2284.0,1626.0,2507.0
11.731,1925.0,2284.0,1625.0,2506.0
11.751,1926.0,2285.0,1625.0,2507.0
11.772,1924.0,2284.0,1625.0,2505.0
11.793,1925.0,2283.0,1623.0,2504.0
11.813,1924.0,2283.0,1625.0,2506.0
11.834,1925.0,2284.0,1625.0,2506.0
11.855,1925.0,2283.0,1625.0,2505.0
11.875,1922.0,2280.0,1624.0,2503.0
11.896,1925.0,2283.0,1627.0,2506.0
11.917,1926.0,2285.0,1626.0,2507.0
11.937,1925.0,2284.0,1626.0,2506.0
11.958,1922.0,2280.0,1624.0,2503.0
11.979,1925.0,2284.0,1626.0,2507.0
12.0,1925.0,2284.0,1626.0,2507.0
12.02,1923.0,2281.0,1625.0,2505.0
12.041,1922.0,2282.0,1623.0,2503.0
12.062,1925.0,2283.0,1624.0,2505.0
12.082,1925.0,2283.0,1625.0,2507.0
12.103,1924.0,2282.0,1624.0,2505.0
12.124,1925.0,2284.0,1626.0,2508.0
12.144,1925.0,2285.0,1625.0,2508.0
12.165,1924.0,2284.0,1625.0,2507.0
12.186,1925.0,2284.0,1626.0,2508.0
12.206,1925.0,2284.0,1625.0,2508.0
12.227,1926.0,2286.0,1625.0,2506.0
12.248,1925.0,2284.0,1625.0,2507.0
12.268,1925.0,2284.0,1625.0,2507.0
12.289,1925.0,2284.0,1624.0,2507.0
12.31,1926.0,2284.0,1626.0,2508.0
12.331,1924.0,2282.0,1625.0,2507.0
12.351,1925.0,2284.0,1625.0,2508.0
12.372,1925.0,2283.0,1625.0,2507.0
12.393,1925.0,2283.0,1625.0,2508.0
12.414,1922.0,2280.0,1621.0,2502.0
12.435,1920.0,2278.0,1619.0,2501.0
12.455,1917.0,2275.0,1618.0,2498.0
12.476,1913.0,2272.0,1613.0,2493.0
12.497,1920.0,2277.0,1620.0,2500.0
12.517,1921.0,2280.0,1621.0,2503.0
12.538,1920.0,2279.0,1621.0,2502.0
12.558,1920.0,2278.0,1620.0,2502.0
12.579,1920.0,2277.0,1620.0,2501.0
12.599,1921.0,2279.0,1621.0,2504.0
12.62,1921.0,2280.0,1621.0,2502.0
12.64,1920.0,2278.0,1621.0,2502.0
12.661,1921.0,2279.0,1621.0,2504.0
12.681,1920.0,2278.0,1621.0,2502.0
12.702,1920.0,2278.0,1618.0,2500.0
12.723,1921.0,2282.0,1621.0,2503.0
12.743,1925.0,2284.0,1626.0,2508.0
12.764,1919.0,2276.0,1620.0,2501.0
12.784,1918.0,2275.0,1619.0,2500.0
12.805,1918.0,2275.0,1620.0,2500.0
12.825,1917.0,2275.0,1618.0,2498.0
12.846,1917.0,2274.0,1617.0,2496.0
12.867,1923.0,2282.0,1623.0,2506.0
12.887,1922.0,2278.0,1621.0,2504.0
12.908,1920.0,2277.0,1619.0,2500.0
12.928,1921.0,2281.0,1623.0,2504.0
12.949,1926.0,2284.0,1627.0,2509.0
12.969,1924.0,2283.0,1624.0,2506.0
12.99,1922.0,2280.0,1623.0,2504.0
13.01,1924.0,2281.0,1625.0,2506.0
13.03,1924.0,2282.0,1626.0,2507.0
13.051,1923.0,2281.0,1624.0,2505.0
13.071,1925.0,2284.0,1626.0,2508.0
13.092,1927.0,2285.0,1624.0,2509.0
13.112,1924.0,2282.0,1622.0,2508.0
13.132,1922.0,2280.0,1624.0,2504.0
13.153,1923.0,2282.0,1626.0,2507.0
13.173,1923.0,2281.0,1626.0,2507.0
13.194,1925.0,2282.0,1625.0,2506.0
13.214,1924.0,2281.0,1626.0,2508.0
13.234,1926.0,2284.0,1627.0,2510.0
13.255,1925.0,2285.0,1625.0,2508.0
13.275,1926.0,2284.0,1623.0,2508.0
13.296,1926.0,2285.0,1624.0,2504.0
13.316,1923.0,2281.0,1622.0,2504.0
13.336,1921.0,2278.0,1623.0,2503.0
13.357,1923.0,2282.0,1624.0,2506.0
13.377,1922.0,2281.0,1624.0,2505.0
13.398,1920.0,2277.0,1620.0,2501.0
13.418,1921.0,2280.0,1622.0,2504.0
13.439,1921.0,2280.0,1622.0,2502.0
13.459,1917.0,2274.0,1616.0,2497.0
13.48,1915.0,2272.0,1618.0,2496.0
13.5,1926.0,2284.0,1627.0,2509.0
13.521,1924.0,2282.0,1624.0,2507.0
13.541,1924.0,2281.0,1625.0,2507.0
13.562,1923.0,2281.0,1625.0,2506.0
13.582,1921.0,2279.0,1622.0,2502.0
13.603,1922.0,2279.0,1624.0,2505.0
13.623,1923.0,2281.0,1624.0,2506.0
13.643,1925.0,2283.0,1627.0,2509.0
13.664,1925.0,2283.0,1626.0,2509.0
13.684,1923.0,2283.0,1623.0,2506.0
13.705,1923.0,2281.0,1624.0,2505.0
13.725,1923.0,2281.0,1624.0,2505.0
13.745,1922.0,2281.0,1623.0,2504.0
13.766,1923.0,2281.0,1624.0,2506.0
13.786,1925.0,2282.0,1625.0,2508.0
13.807,1924.0,2282.0,1625.0,2507.0
13.827,1923.0,2282.0,1625.0,2507.0
13.847,1925.0,2284.0,1626.0,2509.0
13.868,1926.0,2286.0,1627.0,2509.0
13.889,1924.0,2283.0,1624.0,2505.0
13.91,1928.0,2288.0,1627.0,2510.0
13.93,1927.0,2286.0,1628.0,2510.0
13.951,1926.0,2286.0,1625.0,2508.0
13.972,1924.0,2282.0,1626.0,2508.0
13.993,1926.0,2285.0,1627.0,2509.0
14.013,1923.0,2282.0,1623.0,2504.0
14.034,1923.0,2281.0,1624.0,2505.0
14.055,1926.0,2284.0,1626.0,2509.0
14.075,1926.0,2284.0,1626.0,2508.0
14.096,1925.0,2284.0,1625.0,2508.0
14.117,1924.0,2283.0,1625.0,2508.0
14.137,1925.0,2285.0,1626.0,2509.0
14.158,1925.0,2284.0,1625.0,2507.0
14.179,1924.0,2283.0,1625.0,2507.0
14.199,1926.0,2286.0,1627.0,2509.0
14.22,1925.0,2285.0,1626.0,2509.0
14.241,1925.0,2284.0,1626.0,2508.0
14.262,1926.0,2284.0,1625.0,2508.0
14.282,1925.0,2284.0,1626.0,2509.0
14.303,1925.0,2282.0,1625.0,2507.0
14.324,1924.0,2283.0,1625.0,2507.0
14.344,1924.0,2282.0,1625.0,2506.0
14.365,1924.0,2282.0,1624.0,2507.0
14.386,1924.0,2284.0,1625.0,2508.0
14.406,1926.0,2285.0,1626.0,2508.0
14.427,1924.0,2283.0,1625.0,2508.0
14.448,1922.0,2280.0,1622.0,2504.0
14.469,1923.0,2282.0,1624.0,2505.0
14.49,1922.0,2279.0,1622.0,2504.0
14.511,1922.0,2281.0,1622.0,2507.0
14.532,1923.0,2281.0,1623.0,2505.0
14.553,1921.0,2280.0,1622.0,2504.0
14.573,1924.0,2282.0,1625.0,2507.0
14.594,1926.0,2284.0,1626.0,2509.0
14.614,1925.0,2284.0,1625.0,2507.0
14.635,1924.0,2283.0,1624.0,2507.0
14.656,1925.0,2284.0,1625.0,2508.0
14.676,1924.0,2281.0,1622.0,2504.0
14.697,1921.0,2284.0,1623.0,2504.0
14.718,1926.0,2284.0,1626.0,2508.0
14.738,1924.0,2283.0,1626.0,2508.0
14.759,1924.0,2282.0,1624.0,2508.0
14.78,1925.0,2285.0,1626.0,2509.0
14.8,1925.0,2284.0,1625.0,2508.0
14.821,1925.0,2284.0,1625.0,2508.0
14.842,1924.0,2282.0,1624.0,2507.0
14.862,1926.0,2284.0,1627.0,2510.0
14.883,1923.0,2282.0,1625.0,2506.0
14.904,1924.0,2282.0,1625.0,2507.0
14.924,1924.0,2282.0,1624.0,2506.0
14.945,1925.0,2284.0,1626.0,2508.0
14.966,1924.0,2283.0,1624.0,2506.0
14.986,1925.0,2283.0,1625.0,2508.0
15.007,1924.0,2283.0,1625.0,2507.0
15.028,1925.0,2285.0,1625.0,2507.0
15.048,1923.0,2281.0,1624.0,2505.0
15.069,1927.0,2285.0,1626.0,2509.0
15.09,1924.0,2282.0,1625.0,2507.0
15.11,1926.0,2284.0,1626.0,2509.0
15.131,1922.0,2281.0,1622.0,2504.0
15.152,1925.0,2284.0,1625.0,2508.0
15.172,1924.0,2282.0,1625.0,2507.0
15.193,1925.0,2282.0,1625.0,2507.0
15.214,1923.0,2281.0,1624.0,2506.0
15.234,1924.0,2283.0,1624.0,2506.0
15.255,1924.0,2282.0,1626.0,2507.0
15.276,1925.0,2283.0,1626.0,2507.0
15.296,1927.0,2285.0,1626.0,2510.0
15.317,1924.0,2282.0,1624.0,2507.0
15.338,1925.0,2285.0,1625.0,2507.0
15.358,1926.0,2283.0,1626.0,2508.0
15.379,1924.0,2283.0,1624.0,2505.0
15.4,1924.0,2284.0,1625.0,2507.0
15.42,1924.0,2283.0,1624.0,2508.0
15.441,1926.0,2285.0,1626.0,2509.0
15.462,1924.0,2283.0,1625.0,2506.0
15.483,1924.0,2283.0,1625.0,2507.0
15.504,1922.0,2280.0,1622.0,2504.0
15.524,1921.0,2280.0,1622.0,2504.0
15.545,1923.0,2282.0,1623.0,2505.0
15.566,1921.0,2280.0,1621.0,2503.0
15.587,1924.0,2283.0,1625.0,2506.0
15.607,1924.0,2281.0,1625.0,2506.0
15.628,1923.0,2282.0,1624.0,2506.0
15.648,1924.0,2283.0,1625.0,2507.0
15.669,1924.0,2284.0,1626.0,2509.0
15.69,1925.0,2284.0,1625.0,2507.0
15.71,1925.0,2284.0,1624.0,2507.0
15.731,1925.0,2284.0,1625.0,2508.0
15.752,1925.0,2285.0,1625.0,2507.0
15.772,1922.0,2281.0,1624.0,2504.0
15.793,1925.0,2284.0,1625.0,2509.0
15.814,1925.0,2284.0,1626.0,2508.0
15.834,1926.0,2284.0,1625.0,2508.0
15.855,1925.0,2284.0,1625.0,2508.0
15.876,1925.0,2284.0,1624.0,2508.0
15.896,1923.0,2282.0,1623.0,2506.0
15.917,1922.0,2280.0,1623.0,2504.0
15.938,1925.0,2284.0,1626.0,2508.0
15.958,1924.0,2283.0,1625.0,2506.0
15.979,1922.0,2281.0,1623.0,2505.0
15.999,1926.0,2284.0,1625.0,2508.0
16.02,1925.0,2284.0,1626.0,2508.0
16.041,1925.0,2284.0,1625.0,2509.0
16.061,1923.0,2281.0,1624.0,2505.0
16.082,1924.0,2282.0,1625.0,2506.0
16.103,1926.0,2284.0,1626.0,2508.0
16.123,1925.0,2284.0,1626.0,2509.0
16.144,1925.0,2284.0,1626.0,2508.0
16.165,1923.0,2281.0,1623.0,2505.0
16.185,1924.0,2281.0,1625.0,2506.0
16.206,1924.0,2281.0,1624.0,2506.0
16.227,1924.0,2282.0,1624.0,2506.0
16.247,1922.0,2280.0,1622.0,2504.0
16.268,1925.0,2284.0,1627.0,2509.0
16.289,1924.0,2282.0,1625.0,2507.0
16.309,1925.0,2284.0,1625.0,2508.0
16.33,1924.0,2283.0,1625.0,2508.0
16.351,1924.0,2283.0,1625.0,2507.0
16.371,1923.0,2282.0,1625.0,2506.0
16.392,1924.0,2283.0,1625.0,2507.0
16.413,1924.0,2283.0,1625.0,2507.0
16.433,1924.0,2283.0,1624.0,2506.0
16.454,1922.0,2280.0,1624.0,2504.0
16.475,1925.0,2284.0,1625.0,2508.0
16.495,1925.0,2284.0,1625.0,2509.0
16.518,1923.0,2282.0,1622.0,2504.0
16.539,1922.0,2280.0,1624.0,2504.0
16.56,1920.0,2279.0,1620.0,2502.0
16.581,1920.0,2276.0,1619.0,2499.0
16.601,1924.0,2281.0,1624.0,2506.0
16.622,1925.0,2284.0,1625.0,2508.0
16.643,1925.0,2284.0,1625.0,2507.0
16.663,1925.0,2284.0,1624.0,2507.0
16.684,1927.0,2285.0,1627.0,2509.0
16.704,1926.0,2286.0,1627.0,2509.0
16.725,1925.0,2284.0,1626.0,2508.0
16.745,1924.0,2283.0,1626.0,2508.0
16.766,1925.0,2283.0,1625.0,2507.0
16.787,1924.0,2282.0,1623.0,2505.0
16.807,1926.0,2285.0,1625.0,2507.0
16.828,1925.0,2283.0,1625.0,2508.0
16.849,1922.0,2280.0,1624.0,2504.0
16.869,1924.0,2283.0,1625.0,2508.0
16.89,1925.0,2282.0,1626.0,2509.0
16.911,1924.0,2283.0,1625.0,2507.0
16.931,1924.0,2283.0,1625.0,2507.0
16.952,1926.0,2284.0,1626.0,2510.0
16.972,1924.0,2281.0,1625.0,2507.0
16.993,1925.0,2285.0,1625.0,2508.0
17.014,1926.0,2283.0,1625.0,2508.0
17.034,1923.0,2281.0,1623.0,2504.0
17.055,1925.0,2284.0,1625.0,2507.0
17.076,1925.0,2284.0,1626.0,2508.0
17.096,1925.0,2284.0,1626.0,2507.0
17.117,1922.0,2281.0,1623.0,2504.0
17.138,1924.0,2283.0,1625.0,2507.0
17.158,1926.0,2286.0,1626.0,2509.0
17.179,1925.0,2283.0,1626.0,2508.0
17.2,1922.0,2280.0,1624.0,2504.0
17.22,1924.0,2282.0,1625.0,2507.0
17.241,1925.0,2284.0,1626.0,2509.0
17.262,1924.0,2283.0,1624.0,2505.0
17.282,1924.0,2282.0,1626.0,2508.0
17.303,1924.0,2283.0,1625.0,2508.0
17.324,1921.0,2278.0,1623.0,2504.0
17.344,1926.0,2285.0,1626.0,2508.0
17.365,1924.0,2283.0,1625.0,2507.0
17.386,1925.0,2283.0,1625.0,2508.0
17.407,1920.0,2278.0,1621.0,2502.0
17.428,1923.0,2281.0,1624.0,2505.0
17.449,1922.0,2280.0,1622.0,2505.0
17.47,1923.0,2282.0,1622.0,2506.0
17.49,1920.0,2276.0,1621.0,2501.0
17.511,1920.0,2275.0,1619.0,2500.0
17.532,1918.0,2275.0,1618.0,2498.0
17.553,1920.0,2277.0,1618.0,2501.0
17.573,1918.0,2276.0,1618.0,2500.0
17.594,1917.0,2274.0,1617.0,2497.0
17.615,1920.0,2276.0,1620.0,2502.0
17.635,1920.0,2278.0,1621.0,2502.0
17.656,1920.0,2278.0,1619.0,2500.0
17.677,1920.0,2278.0,1620.0,2503.0
17.697,1920.0,2278.0,1620.0,2501.0
17.718,1920.0,2278.0,1620.0,2501.0
17.739,1920.0,2277.0,1619.0,2501.0
17.759,1922.0,2281.0,1626.0,2506.0
17.78,1915.0,2272.0,1616.0,2496.0
17.8,1920.0,2276.0,1619.0,2500.0
17.821,1920.0,2277.0,1620.0,2500.0
17.842,1920.0,2278.0,1621.0,2502.0
17.863,1915.0,2272.0,1616.0,2497.0
17.883,1923.0,2281.0,1624.0,2505.0
17.904,1921.0,2280.0,1621.0,2501.0
17.925,1920.0,2277.0,1619.0,2500.0
17.945,1922.0,2280.0,1622.0,2504.0
17.966,1924.0,2283.0,1625.0,2507.0
17.986,1925.0,2283.0,1626.0,2508.0
18.007,1923.0,2280.0,1623.0,2505.0
18.027,1925.0,2284.0,1627.0,2508.0
18.048,1926.0,2284.0,1626.0,2508.0
18.068,1922.0,2281.0,1622.0,2504.0
18.089,1923.0,2282.0,1624.0,2506.0
18.109,1926.0,2284.0,1624.0,2506.0
18.13,1923.0,2282.0,1624.0,2506.0
18.15,1924.0,2282.0,1624.0,2505.0
18.17,1923.0,2282.0,1624.0,2505.0
18.191,1925.0,2284.0,1626.0,2507.0
18.212,1925.0,2283.0,1625.0,2506.0
18.232,1926.0,2284.0,1626.0,2507.0
18.253,1926.0,2284.0,1626.0,2507.0
18.274,1924.0,2282.0,1625.0,2507.0
18.294,1923.0,2282.0,1625.0,2505.0
18.315,1923.0,2283.0,1624.0,2504.0
18.336,1925.0,2284.0,1626.0,2506.0
18.356,1923.0,2282.0,1624.0,2504.0
18.377,1925.0,2283.0,1625.0,2506.0
18.398,1924.0,2283.0,1625.0,2505.0
18.418,1926.0,2284.0,1625.0,2506.0
18.439,1925.0,2284.0,1625.0,2506.0
18.46,1923.0,2282.0,1622.0,2501.0
18.48,1923.0,2281.0,1623.0,2503.0
18.501,1925.0,2284.0,1626.0,2507.0
18.522,1923.0,2283.0,1624.0,2505.0
18.542,1925.0,2284.0,1625.0,2505.0
18.563,1923.0,2281.0,1624.0,2504.0
18.584,1922.0,2281.0,1623.0,2503.0
18.605,1922.0,2280.0,1623.0,2502.0
18.626,1921.0,2279.0,1622.0,2502.0
18.647,1920.0,2279.0,1620.0,2500.0
18.668,1921.0,2279.0,1622.0,2502.0
18.689,1924.0,2283.0,1624.0,2505.0
18.709,1925.0,2284.0,1623.0,2506.0
18.73,1924.0,2283.0,1625.0,2506.0
18.75,1923.0,2282.0,1625.0,2506.0
18.771,1924.0,2280.0,1624.0,2505.0
18.792,1925.0,2284.0,1625.0,2506.0
18.813,1925.0,2284.0,1625.0,2507.0
18.833,1925.0,2284.0,1625.0,2508.0
18.854,1926.0,2283.0,1625.0,2508.0
18.875,1925.0,2284.0,1626.0,2508.0
18.895,1924.0,2282.0,1625.0,2506.0
18.916,1925.0,2284.0,1625.0,2508.0
18.937,1923.0,2280.0,1622.0,2505.0
18.957,1923.0,2282.0,1623.0,2504.0
18.978,1924.0,2282.0,1624.0,2505.0
18.999,1921.0,2278.0,1623.0,2504.0
19.019,1924.0,2281.0,1624.0,2505.0
19.04,1925.0,2283.0,1626.0,2508.0
19.061,1926.0,2284.0,1625.0,2508.0
19.082,1922.0,2280.0,1624.0,2504.0
19.102,1925.0,2283.0,1625.0,2507.0
19.123,1926.0,2285.0,1623.0,2509.0
19.144,1926.0,2284.0,1625.0,2507.0
19.164,1926.0,2285.0,1626.0,2507.0
19.185,1926.0,2285.0,1626.0,2509.0
19.206,1924.0,2282.0,1624.0,2505.0
19.226,1922.0,2280.0,1624.0,2505.0
19.247,1924.0,2283.0,1624.0,2506.0
19.268,1924.0,2284.0,1624.0,2507.0
19.288,1925.0,2283.0,1626.0,2508.0
19.309,1925.0,2284.0,1626.0,2509.0
19.33,1926.0,2284.0,1626.0,2509.0
19.35,1925.0,2283.0,1625.0,2507.0
19.371,1925.0,2284.0,1626.0,2508.0
19.392,1924.0,2283.0,1625.0,2508.0
19.413,1924.0,2284.0,1625.0,2507.0
19.433,1924.0,2282.0,1624.0,2506.0
19.454,1926.0,2284.0,1625.0,2509.0
19.475,1922.0,2282.0,1623.0,2504.0
19.495,1923.0,2282.0,1623.0,2504.0
19.516,1926.0,2284.0,1625.0,2507.0
19.537,1925.0,2284.0,1625.0,2508.0
19.557,1924.0,2284.0,1625.0,2507.0
19.578,1922.0,2280.0,1622.0,2503.0
19.599,1926.0,2285.0,1625.0,2508.0
19.62,1924.0,2281.0,1624.0,2505.0
19.641,1924.0,2282.0,1624.0,2506.0
19.661,1920.0,2278.0,1621.0,2502.0
19.682,1921.0,2278.0,1622.0,2504.0
19.703,1922.0,2279.0,1621.0,2504.0
19.724,1926.0,2283.0,1626.0,2507.0
19.744,1925.0,2284.0,1625.0,2508.0
19.765,1923.0,2281.0,1622.0,2504.0
19.785,1925.0,2283.0,1624.0,2507.0
19.806,1923.0,2281.0,1623.0,2504.0
19.827,1924.0,2282.0,1625.0,2507.0
19.847,1926.0,2284.0,1626.0,2508.0
19.868,1925.0,2283.0,1625.0,2507.0
19.889,1924.0,2283.0,1624.0,2506.0
19.909,1925.0,2284.0,1625.0,2507.0
19.93,1924.0,2282.0,1625.0,2506.0
19.951,1923.0,2281.0,1623.0,2504.0
19.971,1925.0,2284.0,1624.0,2507.0
19.992,1925.0,2282.0,1625.0,2506.0
20.013,1925.0,2284.0,1626.0,2508.0
20.034,1925.0,2283.0,1625.0,2507.0
20.054,1925.0,2284.0,1624.0,2507.0
20.075,1925.0,2283.0,1625.0,2508.0
20.096,1925.0,2284.0,1625.0,2507.0
20.116,1924.0,2283.0,1626.0,2506.0
20.137,1922.0,2281.0,1622.0,2503.0
20.158,1925.0,2283.0,1624.0,2506.0
20.178,1926.0,2285.0,1625.0,2508.0
20.199,1924.0,2282.0,1625.0,2505.0
20.22,1922.0,2280.0,1624.0,2505.0
20.241,1925.0,2284.0,1625.0,2508.0
20.261,1924.0,2282.0,1626.0,2507.0
20.282,1922.0,2280.0,1621.0,2502.0
20.303,1922.0,2281.0,1624.0,2506.0
20.323,1924.0,2283.0,1625.0,2507.0
20.344,1924.0,2282.0,1623.0,2504.0
20.365,1924.0,2283.0,1625.0,2507.0
20.385,1925.0,2284.0,1627.0,2508.0
20.406,1925.0,2284.0,1624.0,2507.0
20.427,1923.0,2281.0,1622.0,2504.0
20.448,1923.0,2282.0,1624.0,2506.0
20.468,1924.0,2282.0,1624.0,2506.0
20.489,1924.0,2282.0,1625.0,2507.0
20.51,1924.0,2283.0,1624.0,2506.0
20.53,1925.0,2283.0,1625.0,2507.0
20.551,1924.0,2281.0,1625.0,2506.0
20.572,1926.0,2283.0,1626.0,2508.0
20.592,1923.0,2282.0,1624.0,2505.0
20.613,1924.0,2285.0,1625.0,2507.0
20.634,1924.0,2282.0,1624.0,2506.0
20.655,1923.0,2280.0,1621.0,2503.0
20.676,1925.0,2284.0,1625.0,2508.0
20.697,1918.0,2278.0,1618.0,2499.0
20.717,1923.0,2281.0,1620.0,2505.0
20.738,1922.0,2279.0,1623.0,2504.0
20.759,1923.0,2280.0,1625.0,2506.0
20.78,1925.0,2282.0,1625.0,2508.0
20.8,1925.0,2283.0,1624.0,2506.0
20.821,1924.0,2283.0,1625.0,2507.0
20.842,1925.0,2282.0,1624.0,2507.0
20.862,1925.0,2282.0,1626.0,2509.0
20.883,1921.0,2279.0,1623.0,2504.0
20.904,1923.0,2281.0,1624.0,2505.0
20.924,1926.0,2284.0,1627.0,2509.0
20.945,1924.0,2281.0,1626.0,2506.0
20.966,1926.0,2282.0,1626.0,2508.0
20.986,1924.0,2282.0,1625.0,2507.0
21.007,1923.0,2281.0,1625.0,2505.0
21.028,1924.0,2282.0,1625.0,2507.0
21.048,1924.0,2283.0,1625.0,2507.0
21.069,1924.0,2283.0,1624.0,2506.0
21.09,1926.0,2284.0,1623.0,2509.0
21.11,1925.0,2284.0,1626.0,2508.0
21.131,1925.0,2284.0,1626.0,2509.0
21.152,1921.0,2278.0,1622.0,2503.0
21.172,1923.0,2281.0,1624.0,2505.0
21.193,1926.0,2284.0,1626.0,2508.0
21.214,1924.0,2283.0,1624.0,2507.0
21.234,1925.0,2283.0,1626.0,2508.0
21.255,1923.0,2281.0,1625.0,2506.0
21.276,1926.0,2282.0,1626.0,2508.0
21.296,1925.0,2284.0,1625.0,2508.0
21.317,1925.0,2284.0,1625.0,2508.0
21.338,1926.0,2284.0,1626.0,2509.0
21.359,1924.0,2282.0,1623.0,2505.0
21.379,1922.0,2280.0,1623.0,2504.0
21.4,1925.0,2283.0,1625.0,2507.0
21.421,1926.0,2285.0,1625.0,2508.0
21.441,1925.0,2283.0,1624.0,2506.0
21.462,1925.0,2284.0,1626.0,2509.0
21.483,1924.0,2283.0,1625.0,2507.0
21.503,1926.0,2284.0,1625.0,2508.0
21.524,1925.0,2285.0,1626.0,2509.0
21.545,1924.0,2282.0,1624.0,2506.0
21.565,1923.0,2281.0,1623.0,2505.0
21.586,1925.0,2283.0,1625.0,2508.0
21.607,1926.0,2285.0,1625.0,2510.0
21.627,1925.0,2284.0,1626.0,2509.0
21.648,1925.0,2283.0,1625.0,2507.0
21.669,1925.0,2283.0,1625.0,2508.0
21.69,1924.0,2282.0,1624.0,2506.0
21.711,1922.0,2280.0,1621.0,2503.0
21.731,1920.0,2277.0,1619.0,2501.0
21.752,1920.0,2277.0,1618.0,2500.0
21.773,1918.0,2274.0,1621.0,2501.0
21.794,1925.0,2283.0,1626.0,2508.0
21.814,1924.0,2284.0,1625.0,2507.0
21.835,1924.0,2282.0,1625.0,2508.0
21.856,1923.0,2282.0,1624.0,2506.0
21.876,1924.0,2282.0,1625.0,2507.0
21.897,1924.0,2284.0,1624.0,2507.0
21.918,1924.0,2282.0,1622.0,2507.0
21.938,1925.0,2284.0,1626.0,2508.0
21.959,1923.0,2282.0,1624.0,2506.0
21.98,1924.0,2281.0,1624.0,2505.0
22.0,1924.0,2283.0,1625.0,2506.0
22.021,1923.0,2281.0,1623.0,2504.0
22.042,1924.0,2282.0,1625.0,2507.0
22.063,1926.0,2284.0,1625.0,2507.0
22.083,1924.0,2283.0,1625.0,2507.0
22.104,1922.0,2279.0,1623.0,2505.0
22.125,1924.0,2282.0,1624.0,2506.0
22.145,1925.0,2284.0,1625.0,2508.0
22.166,1924.0,2282.0,1623.0,2504.0
22.187,1923.0,2282.0,1624.0,2505.0
22.207,1926.0,2285.0,1626.0,2509.0
22.228,1925.0,2282.0,1625.0,2508.0
22.249,1924.0,2282.0,1624.0,2506.0
22.269,1926.0,2285.0,1626.0,2510.0
22.29,1925.0,2284.0,1625.0,2508.0
22.311,1923.0,2282.0,1624.0,2507.0
22.331,1923.0,2282.0,1623.0,2505.0
22.352,1925.0,2284.0,1625.0,2508.0
22.373,1923.0,2280.0,1623.0,2505.0
22.393,1924.0,2283.0,1625.0,2507.0
22.414,1924.0,2282.0,1624.0,2506.0
22.435,1921.0,2278.0,1620.0,2502.0
22.456,1922.0,2280.0,1621.0,2504.0
22.477,1923.0,2281.0,1623.0,2506.0
22.497,1922.0,2280.0,1621.0,2504.0
22.518,1918.0,2276.0,1619.0,2500.0
22.539,1920.0,2278.0,1618.0,2502.0
22.559,1920.0,2278.0,1620.0,2503.0
22.58,1920.0,2276.0,1620.0,2501.0
22.6,1916.0,2273.0,1618.0,2498.0
22.621,1920.0,2278.0,1621.0,2502.0
22.641,1920.0,2276.0,1621.0,2502.0
22.662,1921.0,2278.0,1621.0,2503.0
22.682,1921.0,2278.0,1621.0,2504.0
22.703,1918.0,2275.0,1618.0,2499.0
22.724,1918.0,2275.0,1617.0,2499.0
22.745,1916.0,2273.0,1617.0,2498.0
22.765,1916.0,2272.0,1617.0,2497.0
22.786,1922.0,2281.0,1623.0,2505.0
22.806,1918.0,2277.0,1618.0,2500.0
22.827,1917.0,2275.0,1618.0,2500.0
22.847,1920.0,2276.0,1618.0,2501.0
22.868,1920.0,2277.0,1620.0,2503.0
22.889,1915.0,2273.0,1616.0,2496.0
22.909,1920.0,2281.0,1623.0,2505.0
22.93,1922.0,2281.0,1622.0,2504.0
22.951,1918.0,2276.0,1618.0,2500.0
22.971,1918.0,2276.0,1619.0,2500.0
22.992,1920.0,2276.0,1621.0,2502.0
23.012,1924.0,2281.0,1624.0,2507.0
23.033,1922.0,2280.0,1624.0,2505.0
23.053,1920.0,2278.0,1622.0,2503.0
23.074,1922.0,2280.0,1622.0,2504.0
23.094,1923.0,2281.0,1625.0,2509.0
23.114,1923.0,2281.0,1624.0,2505.0
23.135,1926.0,2284.0,1626.0,2509.0
23.155,1924.0,2282.0,1624.0,2506.0
23.176,1924.0,2282.0,1625.0,2507.0
23.196,1924.0,2283.0,1626.0,2508.0
23.217,1920.0,2285.0,1623.0,2504.0
23.237,1924.0,2282.0,1625.0,2507.0
23.258,1925.0,2284.0,1626.0,2510.0
23.278,1921.0,2279.0,1623.0,2505.0
23.298,1924.0,2283.0,1623.0,2504.0
