t,left,right,diff,valid
0.003,1312.0,1070.0,242.0,1
0.023,1314.0,1293.0,21.0,1
0.043,1315.0,1274.0,41.0,1
0.063,1316.0,1067.0,249.0,1
0.083,1312.0,1065.0,247.0,1
0.103,1313.0,1069.0,244.0,1
0.123,1313.0,1085.0,228.0,1
0.143,1313.0,1054.0,259.0,1
0.163,1314.0,1068.0,246.0,1
0.183,1313.0,1068.0,245.0,1
0.203,1314.0,1291.0,23.0,1
0.224,1313.0,1068.0,245.0,1
0.244,1312.0,1070.0,242.0,1
0.264,1318.0,1067.0,251.0,1
0.284,1313.0,1066.0,247.0,1
0.304,1314.0,1196.0,118.0,1
0.324,1313.0,1071.0,242.0,1
0.344,1312.0,1069.0,243.0,1
0.364,1321.0,1099.0,222.0,1
0.384,1313.0,1068.0,245.0,1
0.404,1313.0,1068.0,245.0,1
0.424,1313.0,1068.0,245.0,1
0.444,1312.0,1292.0,20.0,1
0.464,1313.0,1069.0,244.0,1
0.485,1313.0,1083.0,230.0,1
0.505,1320.0,1228.0,92.0,1
0.525,1312.0,1065.0,247.0,1
0.545,1311.0,1069.0,242.0,1
0.565,1313.0,1084.0,229.0,1
0.585,1313.0,1069.0,244.0,1
0.605,1320.0,1082.0,238.0,1
0.625,1312.0,1077.0,235.0,1
0.645,1313.0,1068.0,245.0,1
0.665,1313.0,1086.0,227.0,1
0.685,1314.0,1465.0,-151.0,1
0.705,1312.0,1306.0,6.0,1
0.726,1313.0,1321.0,-8.0,1
0.746,1313.0,1068.0,245.0,1
0.766,1312.0,1069.0,243.0,1
0.786,1312.0,1069.0,243.0,1
0.806,1312.0,1276.0,36.0,1
0.826,1312.0,1068.0,244.0,1
0.846,1312.0,1067.0,245.0,1
0.866,1321.0,1068.0,253.0,1
0.886,1313.0,1087.0,226.0,1
0.907,1314.0,1323.0,-9.0,1
0.927,1314.0,1288.0,26.0,1
0.947,1314.0,1065.0,249.0,1
0.967,1322.0,1183.0,139.0,1
0.987,1312.0,1307.0,5.0,1
1.007,1312.0,1069.0,243.0,1
1.027,1313.0,1068.0,245.0,1
1.048,1315.0,1235.0,80.0,1
1.068,1313.0,1096.0,217.0,1
1.088,1312.0,1069.0,243.0,1
1.108,1317.0,1725.0,-408.0,1
1.128,1312.0,1069.0,243.0,1
1.148,1314.0,1084.0,230.0,1
1.168,1312.0,1068.0,244.0,1
1.188,1313.0,1069.0,244.0,1
1.208,1313.0,1085.0,228.0,1
1.229,1313.0,1231.0,82.0,1
1.249,1315.0,1068.0,247.0,1
1.269,1314.0,1244.0,70.0,1
1.289,1312.0,1066.0,246.0,1
1.309,1312.0,1069.0,243.0,1
1.329,1312.0,1085.0,227.0,1
1.349,1312.0,1068.0,244.0,1
1.369,1314.0,1289.0,25.0,1
1.389,1312.0,1081.0,231.0,1
1.41,1312.0,1069.0,243.0,1
1.43,1312.0,1069.0,243.0,1
1.45,1313.0,1148.0,165.0,1
1.47,1313.0,1068.0,245.0,1
1.49,1309.0,1068.0,241.0,1
1.51,1316.0,1067.0,249.0,1
1.53,1313.0,1070.0,243.0,1
1.55,1317.0,1512.0,-195.0,1
1.57,1313.0,1307.0,6.0,1
1.591,1314.0,1525.0,-211.0,1
1.611,1320.0,1290.0,30.0,1
1.631,1314.0,1292.0,22.0,1
1.651,1313.0,1070.0,243.0,1
1.671,1313.0,1102.0,211.0,1
1.691,1312.0,1082.0,230.0,1
1.711,1313.0,1305.0,8.0,1
1.731,1314.0,1290.0,24.0,1
1.751,1312.0,1069.0,243.0,1
1.771,1315.0,1633.0,-318.0,1
1.792,1312.0,1069.0,243.0,1
1.812,1313.0,1079.0,234.0,1
1.832,1314.0,1321.0,-7.0,1
1.852,1312.0,1069.0,243.0,1
1.872,1313.0,1434.0,-121.0,1
1.892,1312.0,1054.0,258.0,1
1.912,1313.0,1068.0,245.0,1
1.932,1313.0,1383.0,-70.0,1
1.952,1312.0,1101.0,211.0,1
1.973,1312.0,1230.0,82.0,1
1.993,1312.0,1069.0,243.0,1
2.013,1314.0,1084.0,230.0,1
2.033,1313.0,1065.0,248.0,1
2.053,1312.0,1050.0,262.0,1
2.073,1314.0,1069.0,245.0,1
2.093,1313.0,1054.0,259.0,1
2.113,1311.0,1066.0,245.0,1
2.133,1314.0,1082.0,232.0,1
2.153,1313.0,1070.0,243.0,1
2.174,1314.0,1101.0,213.0,1
2.194,1312.0,1053.0,259.0,1
2.214,1311.0,1069.0,242.0,1
2.234,1313.0,1306.0,7.0,1
2.254,1313.0,1052.0,261.0,1
2.274,1313.0,1068.0,245.0,1
2.294,1312.0,1053.0,259.0,1
2.314,1312.0,1069.0,243.0,1
2.334,1314.0,1367.0,-53.0,1
2.354,1313.0,1051.0,262.0,1
2.375,1312.0,1066.0,246.0,1
2.395,1312.0,1068.0,244.0,1
2.415,1311.0,1069.0,242.0,1
2.435,1313.0,1069.0,244.0,1
2.455,1313.0,1097.0,216.0,1
2.475,1311.0,1068.0,243.0,1
2.495,1312.0,1068.0,244.0,1
2.515,1315.0,1479.0,-164.0,1
2.535,1313.0,1069.0,244.0,1
2.556,1313.0,1085.0,228.0,1
2.576,1312.0,1292.0,20.0,1
2.596,1313.0,1337.0,-24.0,1
2.616,1312.0,1069.0,243.0,1
2.636,1315.0,1309.0,6.0,1
2.656,1313.0,1071.0,242.0,1
2.676,1313.0,1068.0,245.0,1
2.696,1315.0,1288.0,27.0,1
2.716,1314.0,1069.0,245.0,1
2.736,1323.0,1070.0,253.0,1
2.757,1313.0,1247.0,66.0,1
2.777,1316.0,1099.0,217.0,1
2.797,1314.0,1084.0,230.0,1
2.817,1314.0,1069.0,245.0,1
2.837,1314.0,1308.0,6.0,1
2.857,1312.0,1069.0,243.0,1
2.877,1314.0,1069.0,245.0,1
2.897,1315.0,1115.0,200.0,1
2.917,1314.0,1085.0,229.0,1
2.937,1312.0,1069.0,243.0,1
2.958,1315.0,1070.0,245.0,1
2.978,1314.0,1069.0,245.0,1
2.998,1324.0,1494.0,-170.0,1
3.018,1314.0,1290.0,24.0,1
3.038,1314.0,1163.0,151.0,1
3.058,1316.0,1278.0,38.0,1
3.078,1313.0,1070.0,243.0,1
3.098,1326.0,1368.0,-42.0,1
3.118,1313.0,1053.0,260.0,1
3.138,1314.0,1068.0,246.0,1
3.159,1314.0,1116.0,198.0,1
3.179,1313.0,1308.0,5.0,1
3.199,1313.0,1086.0,227.0,1
3.219,1312.0,1067.0,245.0,1
3.239,1314.0,1067.0,247.0,1
3.259,1313.0,1066.0,247.0,1
3.279,1312.0,1070.0,242.0,1
3.299,1313.0,1069.0,244.0,1
3.319,1314.0,1067.0,247.0,1
3.339,1313.0,1078.0,235.0,1
3.359,1314.0,1307.0,7.0,1
3.379,1312.0,1164.0,148.0,1
3.4,1314.0,1308.0,6.0,1
3.42,1313.0,1069.0,244.0,1
3.44,1312.0,1069.0,243.0,1
3.46,1313.0,1305.0,8.0,1
3.48,1311.0,1067.0,244.0,1
3.5,1316.0,1647.0,-331.0,1
3.52,1315.0,1527.0,-212.0,1
3.54,1312.0,1306.0,6.0,1
3.56,1313.0,1067.0,246.0,1
3.58,1312.0,1067.0,245.0,1
3.601,1313.0,1069.0,244.0,1
3.621,1313.0,1069.0,244.0,1
3.641,1309.0,1070.0,239.0,1
3.661,1316.0,1305.0,11.0,1
3.681,1314.0,1081.0,233.0,1
3.701,1313.0,1116.0,197.0,1
3.721,1312.0,1086.0,226.0,1
3.741,1312.0,1085.0,227.0,1
3.761,1313.0,1069.0,244.0,1
3.781,1314.0,1337.0,-23.0,1
3.802,1317.0,1067.0,250.0,1
3.822,1312.0,1256.0,56.0,1
3.842,1312.0,1069.0,243.0,1
3.862,1314.0,1070.0,244.0,1
3.882,1314.0,1067.0,247.0,1
3.902,1315.0,1304.0,11.0,1
3.922,1314.0,1306.0,8.0,1
3.942,1312.0,1068.0,244.0,1
3.962,1313.0,1307.0,6.0,1
3.983,1312.0,1064.0,248.0,1
4.003,1311.0,1072.0,239.0,1
4.023,1313.0,1303.0,10.0,1
4.043,1313.0,1225.0,88.0,1
4.063,1312.0,1069.0,243.0,1
4.083,1312.0,1069.0,243.0,1
4.103,1311.0,1067.0,244.0,1
4.123,1313.0,1305.0,8.0,1
4.143,1312.0,1291.0,21.0,1
4.163,1312.0,1291.0,21.0,1
4.184,1314.0,1540.0,-226.0,1
4.204,1314.0,1291.0,23.0,1
4.224,1314.0,1244.0,70.0,1
4.244,1314.0,1100.0,214.0,1
4.264,1312.0,1101.0,211.0,1
4.284,1321.0,1069.0,252.0,1
4.304,1313.0,1068.0,245.0,1
4.324,1314.0,1066.0,248.0,1
4.345,1313.0,1317.0,-4.0,1
4.365,1312.0,1084.0,228.0,1
4.385,1312.0,1069.0,243.0,1
4.405,1313.0,1292.0,21.0,1
4.425,1312.0,1082.0,230.0,1
4.445,1322.0,1288.0,34.0,1
4.465,1312.0,1068.0,244.0,1
4.486,1313.0,1148.0,165.0,1
4.506,1313.0,1070.0,243.0,1
4.526,1315.0,1083.0,232.0,1
4.546,1313.0,1095.0,218.0,1
4.566,1314.0,1226.0,88.0,1
4.587,1314.0,1385.0,-71.0,1
4.607,1312.0,1069.0,243.0,1
4.627,1312.0,1067.0,245.0,1
4.647,1313.0,1097.0,216.0,1
4.667,1313.0,1065.0,248.0,1
4.687,1312.0,1070.0,242.0,1
4.707,1312.0,1069.0,243.0,1
4.728,1313.0,1069.0,244.0,1
4.748,1313.0,1097.0,216.0,1
4.768,1314.0,1291.0,23.0,1
4.788,1312.0,1068.0,244.0,1
4.808,1312.0,1054.0,258.0,1
4.828,1313.0,1072.0,241.0,1
4.848,1313.0,1464.0,-151.0,1
4.868,1312.0,1053.0,259.0,1
4.889,1312.0,1069.0,243.0,1
4.909,1312.0,1069.0,243.0,1
4.929,1314.0,1070.0,244.0,1
4.949,1313.0,1308.0,5.0,1
4.969,1312.0,1068.0,244.0,1
4.989,1313.0,1290.0,23.0,1
5.009,1316.0,1495.0,-179.0,1
5.029,1314.0,1069.0,245.0,1
5.049,1313.0,1526.0,-213.0,1
5.07,1312.0,1115.0,197.0,1
5.09,1313.0,1067.0,246.0,1
5.11,1315.0,1304.0,11.0,1
5.13,1313.0,1307.0,6.0,1
5.15,1312.0,1069.0,243.0,1
5.17,1314.0,1065.0,249.0,1
5.19,1314.0,1095.0,219.0,1
5.21,1313.0,1068.0,245.0,1
5.23,1312.0,1054.0,258.0,1
5.251,1312.0,1086.0,226.0,1
5.271,1312.0,1054.0,258.0,1
5.291,1312.0,1067.0,245.0,1
5.311,1312.0,1084.0,228.0,1
5.331,1322.0,1199.0,123.0,1
5.351,1314.0,1070.0,244.0,1
5.371,1315.0,1071.0,244.0,1
5.391,1312.0,1069.0,243.0,1
5.412,1312.0,1084.0,228.0,1
5.432,1317.0,1292.0,25.0,1
5.452,1315.0,1070.0,245.0,1
5.472,1315.0,1055.0,260.0,1
5.492,1315.0,1295.0,20.0,1
5.512,1316.0,1400.0,-84.0,1
5.532,1313.0,1080.0,233.0,1
5.552,1314.0,1291.0,23.0,1
5.573,1313.0,1054.0,259.0,1
5.593,1309.0,1069.0,240.0,1
5.613,1312.0,1080.0,232.0,1
5.633,1313.0,1068.0,245.0,1
5.653,1314.0,1084.0,230.0,1
5.673,1312.0,1053.0,259.0,1
5.693,1322.0,1070.0,252.0,1
5.713,1312.0,1101.0,211.0,1
5.733,1313.0,1052.0,261.0,1
5.753,1312.0,1067.0,245.0,1
5.773,1312.0,1068.0,244.0,1
5.793,1322.0,1070.0,252.0,1
5.814,1313.0,1069.0,244.0,1
5.834,1316.0,1082.0,234.0,1
5.854,1314.0,1247.0,67.0,1
5.874,1312.0,1068.0,244.0,1
5.894,1312.0,1069.0,243.0,1
5.914,1312.0,1069.0,243.0,1
5.934,1312.0,1308.0,4.0,1
5.954,1313.0,1084.0,229.0,1
5.974,1314.0,1149.0,165.0,1
5.994,1315.0,1245.0,70.0,1
6.014,1314.0,1086.0,228.0,1
6.035,1312.0,1293.0,19.0,1
6.055,1313.0,1083.0,230.0,1
6.075,1314.0,1066.0,248.0,1
6.095,1314.0,1196.0,118.0,1
6.115,1315.0,1517.0,-202.0,1
6.135,1312.0,1308.0,4.0,1
6.155,1311.0,1067.0,244.0,1
6.175,1314.0,1082.0,232.0,1
6.195,1312.0,1068.0,244.0,1
6.216,1312.0,1068.0,244.0,1
6.236,1311.0,1085.0,226.0,1
6.256,1313.0,1070.0,243.0,1
6.276,1314.0,1068.0,246.0,1
6.296,1312.0,1290.0,22.0,1
6.316,1312.0,1067.0,245.0,1
6.336,1314.0,1292.0,22.0,1
6.356,1313.0,1260.0,53.0,1
6.376,1312.0,1068.0,244.0,1
6.397,1312.0,1067.0,245.0,1
6.417,1313.0,1067.0,246.0,1
6.437,1312.0,1068.0,244.0,1
6.457,1313.0,1307.0,6.0,1
6.477,1314.0,1308.0,6.0,1
6.497,1312.0,1098.0,214.0,1
6.517,1313.0,1064.0,249.0,1
6.537,1313.0,1068.0,245.0,1
6.557,1312.0,1070.0,242.0,1
6.578,1313.0,1085.0,228.0,1
6.598,1314.0,1082.0,232.0,1
6.618,1313.0,1206.0,107.0,1
6.638,1314.0,1291.0,23.0,1
6.658,1312.0,1069.0,243.0,1
6.678,1312.0,1069.0,243.0,1
6.698,1313.0,1070.0,243.0,1
6.718,1313.0,1305.0,8.0,1
6.739,1313.0,1198.0,115.0,1
6.759,1312.0,1069.0,243.0,1
6.779,1313.0,1070.0,243.0,1
6.799,1314.0,1709.0,-395.0,1
6.819,1313.0,1068.0,245.0,1
6.839,1312.0,1068.0,244.0,1
6.86,1324.0,1133.0,191.0,1
6.88,1314.0,1088.0,226.0,1
6.9,1314.0,1307.0,7.0,1
6.92,1314.0,1068.0,246.0,1
6.94,1313.0,1305.0,8.0,1
6.96,1314.0,1289.0,25.0,1
6.98,1314.0,1070.0,244.0,1
7.0,1314.0,1526.0,-212.0,1
7.02,1314.0,1324.0,-10.0,1
7.041,1313.0,1302.0,11.0,1
7.061,1315.0,1072.0,243.0,1
7.081,1313.0,1068.0,245.0,1
7.101,1313.0,1184.0,129.0,1
7.121,1317.0,1085.0,232.0,1
7.141,1313.0,1069.0,244.0,1
7.161,1314.0,1229.0,85.0,1
7.181,1314.0,1069.0,245.0,1
7.201,1313.0,1070.0,243.0,1
7.221,1313.0,1070.0,243.0,1
7.242,1313.0,1069.0,244.0,1
7.262,1317.0,1231.0,86.0,1
7.282,1314.0,1069.0,245.0,1
7.302,1317.0,1072.0,245.0,1
7.322,1314.0,1070.0,244.0,1
7.342,1313.0,1069.0,244.0,1
7.362,1313.0,1070.0,243.0,1
7.382,1313.0,1144.0,169.0,1
7.402,1312.0,1080.0,232.0,1
7.422,1313.0,1069.0,244.0,1
7.443,1314.0,1292.0,22.0,1
7.463,1312.0,1309.0,3.0,1
7.483,1313.0,1069.0,244.0,1
7.503,1313.0,1068.0,245.0,1
7.523,1316.0,1525.0,-209.0,1
7.543,1314.0,1308.0,6.0,1
7.563,1311.0,1070.0,241.0,1
7.583,1313.0,1068.0,245.0,1
7.603,1314.0,1067.0,247.0,1
7.623,1325.0,1289.0,36.0,1
7.644,1312.0,1069.0,243.0,1
7.664,1312.0,1069.0,243.0,1
7.684,1315.0,1069.0,246.0,1
7.704,1315.0,1082.0,233.0,1
7.724,1313.0,1069.0,244.0,1
7.744,1314.0,1070.0,244.0,1
7.764,1315.0,1070.0,245.0,1
7.784,1315.0,1070.0,245.0,1
7.804,1315.0,1070.0,245.0,1
7.825,1312.0,1068.0,244.0,1
7.845,1314.0,1307.0,7.0,1
7.865,1314.0,1102.0,212.0,1
7.885,1314.0,1086.0,228.0,1
7.905,1313.0,1068.0,245.0,1
7.925,1312.0,1290.0,22.0,1
7.945,1315.0,1085.0,230.0,1
7.965,1314.0,1292.0,22.0,1
7.985,1317.0,1308.0,9.0,1
8.005,1313.0,1070.0,243.0,1
8.026,1313.0,1066.0,247.0,1
8.046,1313.0,1081.0,232.0,1
8.066,1316.0,1070.0,246.0,1
8.086,1314.0,1070.0,244.0,1
8.106,1313.0,1069.0,244.0,1
8.126,1315.0,1292.0,23.0,1
8.146,1315.0,1069.0,246.0,1
8.166,1313.0,1305.0,8.0,1
8.186,1312.0,1069.0,243.0,1
8.206,1314.0,1072.0,242.0,1
8.227,1313.0,1070.0,243.0,1
8.247,1313.0,1067.0,246.0,1
8.267,1313.0,1180.0,133.0,1
8.287,1322.0,1084.0,238.0,1
8.307,1314.0,1293.0,21.0,1
8.327,1313.0,1117.0,196.0,1
8.347,1316.0,1321.0,-5.0,1
8.367,1312.0,1070.0,242.0,1
8.387,1314.0,1291.0,23.0,1
8.407,1314.0,1070.0,244.0,1
8.427,1312.0,1148.0,164.0,1
8.447,1313.0,1069.0,244.0,1
8.468,1313.0,1290.0,23.0,1
8.488,1316.0,1523.0,-207.0,1
8.508,1313.0,1067.0,246.0,1
8.528,1313.0,1308.0,5.0,1
8.548,1312.0,1070.0,242.0,1
8.568,1314.0,1074.0,240.0,1
8.588,1316.0,1537.0,-221.0,1
8.608,1313.0,1068.0,245.0,1
8.628,1321.0,1069.0,252.0,1
8.648,1313.0,1070.0,243.0,1
8.668,1313.0,1069.0,244.0,1
8.689,1314.0,1068.0,246.0,1
8.709,1312.0,1067.0,245.0,1
8.729,1316.0,1070.0,246.0,1
8.75,1313.0,1069.0,244.0,1
8.77,1314.0,1070.0,244.0,1
8.79,1321.0,1084.0,237.0,1
8.81,1312.0,1067.0,245.0,1
8.83,1312.0,1068.0,244.0,1
8.85,1314.0,1323.0,-9.0,1
8.87,1312.0,1071.0,241.0,1
8.891,1314.0,1291.0,23.0,1
8.911,1312.0,1070.0,242.0,1
8.931,1314.0,1114.0,200.0,1
8.951,1313.0,1069.0,244.0,1
8.971,1312.0,1069.0,243.0,1
8.991,1314.0,1131.0,183.0,1
9.011,1313.0,1068.0,245.0,1
9.031,1312.0,1068.0,244.0,1
9.052,1311.0,1291.0,20.0,1
9.072,1312.0,1085.0,227.0,1
9.092,1312.0,1068.0,244.0,1
9.112,1313.0,1083.0,230.0,1
9.132,1314.0,1306.0,8.0,1
9.152,1310.0,1067.0,243.0,1
9.172,1312.0,1070.0,242.0,1
9.192,1313.0,1132.0,181.0,1
9.212,1312.0,1066.0,246.0,1
9.232,1312.0,1083.0,229.0,1
9.253,1312.0,1211.0,101.0,1
9.273,1313.0,1085.0,228.0,1
9.293,1315.0,1570.0,-255.0,1
9.313,1323.0,1070.0,253.0,1
9.333,1314.0,1508.0,-194.0,1
9.353,1312.0,1304.0,8.0,1
9.373,1314.0,1292.0,22.0,1
9.393,1315.0,1602.0,-287.0,1
9.413,1321.0,1069.0,252.0,1
9.434,1312.0,1068.0,244.0,1
9.454,1312.0,1118.0,194.0,1
9.474,1313.0,1067.0,246.0,1
9.494,1312.0,1068.0,244.0,1
9.514,1312.0,1054.0,258.0,1
9.534,1312.0,1070.0,242.0,1
9.554,1314.0,1304.0,10.0,1
9.574,1313.0,1098.0,215.0,1
9.595,1313.0,1070.0,243.0,1
9.615,1312.0,1054.0,258.0,1
9.635,1313.0,1085.0,228.0,1
9.655,1312.0,1113.0,199.0,1
9.675,1312.0,1273.0,39.0,1
9.695,1315.0,1320.0,-5.0,1
9.715,1312.0,1053.0,259.0,1
9.735,1313.0,1069.0,244.0,1
9.755,1314.0,1069.0,245.0,1
9.776,1312.0,1099.0,213.0,1
9.796,1321.0,1147.0,174.0,1
9.816,1312.0,1068.0,244.0,1
9.836,1312.0,1069.0,243.0,1
9.856,1313.0,1307.0,6.0,1
9.876,1311.0,1068.0,243.0,1
9.896,1314.0,1069.0,245.0,1
9.916,1314.0,1305.0,9.0,1
9.936,1311.0,1069.0,242.0,1
9.957,1313.0,1070.0,243.0,1
9.977,1312.0,1067.0,245.0,1
9.997,1312.0,1066.0,246.0,1
10.018,1314.0,1068.0,246.0,1
10.038,1314.0,1069.0,245.0,1
10.058,1312.0,1069.0,243.0,1
10.078,1315.0,1071.0,244.0,1
10.098,1312.0,1068.0,244.0,1
10.118,1312.0,1131.0,181.0,1
10.138,1314.0,1068.0,246.0,1
10.158,1313.0,1069.0,244.0,1
10.178,1312.0,1069.0,243.0,1
10.199,1319.0,1302.0,17.0,1
10.219,1313.0,1066.0,247.0,1
10.239,1313.0,1366.0,-53.0,1
10.259,1312.0,1069.0,243.0,1
10.279,1314.0,1339.0,-25.0,1
10.299,1321.0,1067.0,254.0,1
10.319,1313.0,1066.0,247.0,1
10.339,1313.0,1082.0,231.0,1
10.36,1314.0,1305.0,9.0,1
10.38,1313.0,1070.0,243.0,1
10.4,1312.0,1071.0,241.0,1
10.42,1314.0,1070.0,244.0,1
10.44,1314.0,1086.0,228.0,1
10.46,1314.0,1069.0,245.0,1
10.48,1315.0,1071.0,244.0,1
10.5,1312.0,1070.0,242.0,1
10.52,1313.0,1068.0,245.0,1
10.541,1313.0,1068.0,245.0,1
10.561,1322.0,1067.0,255.0,1
10.581,1314.0,1085.0,229.0,1
10.601,1313.0,1086.0,227.0,1
10.621,1314.0,1200.0,114.0,1
10.641,1314.0,1227.0,87.0,1
10.661,1314.0,1524.0,-210.0,1
10.681,1313.0,1068.0,245.0,1
10.701,1313.0,1070.0,243.0,1
10.721,1314.0,1308.0,6.0,1
10.741,1314.0,1292.0,22.0,1
10.761,1312.0,1067.0,245.0,1
10.782,1313.0,1084.0,229.0,1
10.802,1314.0,1072.0,242.0,1
10.822,1314.0,1086.0,228.0,1
10.842,1314.0,1293.0,21.0,1
10.862,1313.0,1067.0,246.0,1
10.882,1314.0,1305.0,9.0,1
10.902,1313.0,1068.0,245.0,1
10.922,1312.0,1069.0,243.0,1
10.942,1313.0,1070.0,243.0,1
10.962,1313.0,1075.0,238.0,1
10.983,1312.0,1068.0,244.0,1
11.003,1316.0,1068.0,248.0,1
11.023,1312.0,1069.0,243.0,1
11.043,1312.0,1102.0,210.0,1
11.063,1315.0,1070.0,245.0,1
11.083,1312.0,1068.0,244.0,1
11.103,1315.0,1083.0,232.0,1
11.123,1313.0,1068.0,245.0,1
11.143,1314.0,1292.0,22.0,1
11.163,1314.0,1293.0,21.0,1
11.183,1312.0,1196.0,116.0,1
11.204,1312.0,1289.0,23.0,1
11.224,1312.0,1066.0,246.0,1
11.244,1314.0,1338.0,-24.0,1
11.264,1313.0,1070.0,243.0,1
11.284,1313.0,1114.0,199.0,1
11.304,1313.0,1081.0,232.0,1
11.324,1316.0,1295.0,21.0,1
11.344,1312.0,1069.0,243.0,1
11.365,1311.0,1052.0,259.0,1
11.385,1322.0,1070.0,252.0,1
11.405,1313.0,1290.0,23.0,1
11.425,1312.0,1052.0,260.0,1
11.445,1312.0,1067.0,245.0,1
11.465,1312.0,1054.0,258.0,1
11.485,1312.0,1307.0,5.0,1
11.505,1313.0,1244.0,69.0,1
11.526,1313.0,1052.0,261.0,1
11.546,1321.0,1067.0,254.0,1
11.566,1312.0,1068.0,244.0,1
11.586,1312.0,1069.0,243.0,1
11.606,1312.0,1069.0,243.0,1
11.626,1313.0,1053.0,260.0,1
11.646,1323.0,1304.0,19.0,1
11.666,1314.0,1524.0,-210.0,1
11.687,1313.0,1069.0,244.0,1
11.707,1313.0,1086.0,227.0,1
11.727,1314.0,1291.0,23.0,1
11.747,1315.0,1068.0,247.0,1
11.767,1316.0,1068.0,248.0,1
11.787,1313.0,1116.0,197.0,1
11.808,1314.0,1293.0,21.0,1
11.828,1312.0,1052.0,260.0,1
11.848,1312.0,1081.0,231.0,1
11.868,1314.0,1080.0,234.0,1
11.888,1318.0,1052.0,266.0,1
11.908,1312.0,1069.0,243.0,1
11.928,1315.0,1134.0,181.0,1
11.948,1313.0,1086.0,227.0,1
11.968,1313.0,1084.0,229.0,1
11.989,1317.0,1084.0,233.0,1
12.009,1312.0,1069.0,243.0,1
12.029,1313.0,1069.0,244.0,1
12.049,1312.0,1069.0,243.0,1
12.069,1312.0,1068.0,244.0,1
12.089,1315.0,1066.0,249.0,1
12.109,1312.0,1069.0,243.0,1
12.129,1313.0,1149.0,164.0,1
12.149,1315.0,1724.0,-409.0,1
12.169,1312.0,1066.0,246.0,1
12.19,1318.0,1121.0,197.0,1
12.21,1315.0,1070.0,245.0,1
12.23,1314.0,1088.0,226.0,1
12.25,1313.0,1069.0,244.0,1
12.27,1313.0,1101.0,212.0,1
12.29,1313.0,1228.0,85.0,1
12.31,1314.0,1305.0,9.0,1
12.33,1314.0,1209.0,105.0,1
12.35,1312.0,1068.0,244.0,1
12.37,1312.0,1086.0,226.0,1
12.391,1314.0,1085.0,229.0,1
12.411,1313.0,1066.0,247.0,1
12.431,1312.0,1068.0,244.0,1
12.451,1312.0,1069.0,243.0,1
12.471,1314.0,1214.0,100.0,1
12.491,1315.0,1723.0,-408.0,1
12.511,1315.0,1069.0,246.0,1
12.531,1313.0,1164.0,149.0,1
12.551,1313.0,1071.0,242.0,1
12.571,1314.0,1070.0,244.0,1
12.591,1316.0,1087.0,229.0,1
12.612,1325.0,1303.0,22.0,1
12.632,1313.0,1069.0,244.0,1
12.652,1314.0,1069.0,245.0,1
12.672,1314.0,1070.0,244.0,1
12.692,1324.0,1086.0,238.0,1
12.712,1313.0,1067.0,246.0,1
12.732,1313.0,1306.0,7.0,1
12.752,1314.0,1083.0,231.0,1
12.772,1316.0,1540.0,-224.0,1
12.792,1312.0,1164.0,148.0,1
12.813,1313.0,1290.0,23.0,1
12.833,1316.0,1083.0,233.0,1
12.853,1315.0,1073.0,242.0,1
12.873,1313.0,1069.0,244.0,1
12.893,1324.0,1071.0,253.0,1
12.913,1313.0,1085.0,228.0,1
12.933,1316.0,1069.0,247.0,1
12.953,1317.0,1705.0,-388.0,1
12.973,1312.0,1084.0,228.0,1
12.993,1323.0,1510.0,-187.0,1
13.014,1315.0,1070.0,245.0,1
13.034,1314.0,1290.0,24.0,1
13.054,1312.0,1067.0,245.0,1
13.074,1312.0,1066.0,246.0,1
13.094,1312.0,1086.0,226.0,1
13.114,1316.0,1309.0,7.0,1
13.134,1314.0,1071.0,243.0,1
13.154,1313.0,1069.0,244.0,1
13.174,1313.0,1290.0,23.0,1
13.194,1314.0,1068.0,246.0,1
13.214,1313.0,1069.0,244.0,1
13.235,1310.0,1069.0,241.0,1
13.255,1312.0,1067.0,245.0,1
13.275,1314.0,1523.0,-209.0,1
13.295,1313.0,1067.0,246.0,1
13.315,1313.0,1292.0,21.0,1
13.335,1311.0,1070.0,241.0,1
13.355,1313.0,1307.0,6.0,1
13.375,1314.0,1079.0,235.0,1
13.395,1313.0,1069.0,244.0,1
13.415,1314.0,1384.0,-70.0,1
13.435,1313.0,1339.0,-26.0,1
13.455,1312.0,1116.0,196.0,1
13.475,1313.0,1084.0,229.0,1
13.496,1312.0,1066.0,246.0,1
13.516,1312.0,1065.0,247.0,1
13.536,1313.0,1069.0,244.0,1
13.556,1316.0,1355.0,-39.0,1
13.576,1314.0,1070.0,244.0,1
13.596,1321.0,1065.0,256.0,1
13.616,1312.0,1065.0,247.0,1
13.636,1313.0,1067.0,246.0,1
13.656,1313.0,1069.0,244.0,1
13.676,1312.0,1069.0,243.0,1
13.697,1321.0,1290.0,31.0,1
13.717,1312.0,1068.0,244.0,1
13.737,1314.0,1068.0,246.0,1
13.757,1314.0,1296.0,18.0,1
13.777,1312.0,1069.0,243.0,1
13.797,1322.0,1070.0,252.0,1
13.817,1314.0,1383.0,-69.0,1
13.837,1313.0,1069.0,244.0,1
13.857,1322.0,1068.0,254.0,1
13.878,1312.0,1070.0,242.0,1
13.898,1312.0,1069.0,243.0,1
13.918,1313.0,1066.0,247.0,1
13.938,1313.0,1066.0,247.0,1
13.958,1312.0,1073.0,239.0,1
13.978,1311.0,1054.0,257.0,1
13.998,1313.0,1070.0,243.0,1
14.018,1313.0,1069.0,244.0,1
14.038,1313.0,1065.0,248.0,1
14.058,1321.0,1068.0,253.0,1
14.079,1312.0,1069.0,243.0,1
14.099,1315.0,1570.0,-255.0,1
14.119,1313.0,1217.0,96.0,1
14.139,1312.0,1068.0,244.0,1
14.159,1319.0,1066.0,253.0,1
14.179,1313.0,1068.0,245.0,1
14.199,1312.0,1068.0,244.0,1
14.219,1312.0,1068.0,244.0,1
14.239,1312.0,1051.0,261.0,1
14.26,1313.0,1411.0,-98.0,1
14.28,1313.0,1066.0,247.0,1
14.3,1312.0,1070.0,242.0,1
14.32,1318.0,1070.0,248.0,1
14.34,1313.0,1510.0,-197.0,1
14.36,1314.0,1097.0,217.0,1
14.38,1315.0,1319.0,-4.0,1
14.4,1312.0,1067.0,245.0,1
14.42,1321.0,1292.0,29.0,1
14.441,1314.0,1230.0,84.0,1
14.461,1313.0,1085.0,228.0,1
14.481,1321.0,1068.0,253.0,1
14.501,1312.0,1067.0,245.0,1
14.521,1312.0,1068.0,244.0,1
14.541,1313.0,1291.0,22.0,1
14.561,1312.0,1069.0,243.0,1
14.581,1321.0,1099.0,222.0,1
14.601,1312.0,1146.0,166.0,1
14.621,1314.0,1229.0,85.0,1
14.642,1315.0,1525.0,-210.0,1
14.662,1312.0,1086.0,226.0,1
14.682,1312.0,1303.0,9.0,1
14.702,1313.0,1084.0,229.0,1
14.722,1314.0,1319.0,-5.0,1
14.742,1324.0,1291.0,33.0,1
14.762,1312.0,1132.0,180.0,1
14.782,1308.0,1070.0,238.0,1
14.802,1313.0,1067.0,246.0,1
14.823,1314.0,1067.0,247.0,1
14.843,1316.0,1068.0,248.0,1
14.863,1312.0,1068.0,244.0,1
14.883,1312.0,1070.0,242.0,1
14.903,1313.0,1182.0,131.0,1
14.923,1312.0,1161.0,151.0,1
14.943,1313.0,1067.0,246.0,1
14.963,1312.0,1184.0,128.0,1
14.983,1313.0,1069.0,244.0,1
15.004,1313.0,1082.0,231.0,1
15.024,1314.0,1066.0,248.0,1
15.044,1315.0,1304.0,11.0,1
15.064,1314.0,1524.0,-210.0,1
15.084,1313.0,1069.0,244.0,1
15.104,1312.0,1067.0,245.0,1
15.124,1312.0,1196.0,116.0,1
15.144,1314.0,1080.0,234.0,1
15.165,1312.0,1084.0,228.0,1
15.185,1313.0,1069.0,244.0,1
15.205,1313.0,1069.0,244.0,1
15.225,1312.0,1086.0,226.0,1
15.245,1313.0,1068.0,245.0,1
15.265,1314.0,1384.0,-70.0,1
15.285,1321.0,1308.0,13.0,1
15.306,1315.0,1401.0,-86.0,1
15.326,1316.0,1072.0,244.0,1
15.346,1314.0,1068.0,246.0,1
15.366,1313.0,1100.0,213.0,1
15.386,1312.0,1069.0,243.0,1
15.406,1312.0,1307.0,5.0,1
15.426,1312.0,1069.0,243.0,1
15.446,1314.0,1066.0,248.0,1
15.466,1312.0,1066.0,246.0,1
15.486,1314.0,1260.0,54.0,1
15.506,1313.0,1230.0,83.0,1
15.527,1314.0,1070.0,244.0,1
15.547,1312.0,1069.0,243.0,1
15.567,1314.0,1148.0,166.0,1
15.587,1312.0,1068.0,244.0,1
15.607,1313.0,1068.0,245.0,1
15.627,1313.0,1101.0,212.0,1
15.647,1313.0,1070.0,243.0,1
15.667,1313.0,1068.0,245.0,1
15.687,1314.0,1066.0,248.0,1
15.707,1314.0,1067.0,247.0,1
15.727,1312.0,1069.0,243.0,1
15.747,1313.0,1102.0,211.0,1
15.768,1314.0,1253.0,61.0,1
15.788,1314.0,1069.0,245.0,1
15.808,1313.0,1068.0,245.0,1
15.828,1314.0,1069.0,245.0,1
15.848,1314.0,1070.0,244.0,1
15.868,1316.0,1072.0,244.0,1
15.888,1313.0,1068.0,245.0,1
15.908,1312.0,1099.0,213.0,1
15.928,1312.0,1083.0,229.0,1
15.948,1312.0,1101.0,211.0,1
15.969,1316.0,1294.0,22.0,1
15.989,1313.0,1067.0,246.0,1
16.009,1312.0,1066.0,246.0,1
16.029,1312.0,1066.0,246.0,1
16.049,1313.0,1085.0,228.0,1
16.069,1313.0,1101.0,212.0,1
16.089,1312.0,1070.0,242.0,1
16.109,1313.0,1070.0,243.0,1
16.129,1315.0,1537.0,-222.0,1
16.15,1314.0,1068.0,246.0,1
16.17,1312.0,1070.0,242.0,1
16.19,1311.0,1069.0,242.0,1
16.21,1313.0,1069.0,244.0,1
16.23,1312.0,1091.0,221.0,1
16.25,1313.0,1068.0,245.0,1
16.27,1313.0,1337.0,-24.0,1
16.291,1311.0,1069.0,242.0,1
16.311,1313.0,1069.0,244.0,1
16.331,1314.0,1305.0,9.0,1
16.351,1312.0,1052.0,260.0,1
16.371,1312.0,1069.0,243.0,1
16.391,1312.0,1055.0,257.0,1
16.411,1313.0,1070.0,243.0,1
16.431,1312.0,1067.0,245.0,1
16.451,1311.0,1051.0,260.0,1
16.472,1312.0,1065.0,247.0,1
16.492,1314.0,1292.0,22.0,1
16.512,1313.0,1086.0,227.0,1
16.532,1312.0,1083.0,229.0,1
16.552,1315.0,1505.0,-190.0,1
16.572,1314.0,1305.0,9.0,1
16.592,1313.0,1069.0,244.0,1
16.612,1312.0,1069.0,243.0,1
16.632,1312.0,1069.0,243.0,1
16.653,1312.0,1053.0,259.0,1
16.673,1312.0,1069.0,243.0,1
16.693,1313.0,1068.0,245.0,1
16.713,1312.0,1069.0,243.0,1
16.733,1315.0,1307.0,8.0,1
16.753,1313.0,1069.0,244.0,1
16.773,1313.0,1067.0,246.0,1
16.793,1319.0,1115.0,204.0,1
16.814,1313.0,1069.0,244.0,1
16.834,1312.0,1069.0,243.0,1
16.854,1313.0,1069.0,244.0,1
16.874,1313.0,1098.0,215.0,1
16.894,1312.0,1068.0,244.0,1
16.914,1312.0,1069.0,243.0,1
16.934,1313.0,1070.0,243.0,1
16.954,1315.0,1586.0,-271.0,1
16.975,1312.0,1078.0,234.0,1
16.995,1312.0,1305.0,7.0,1
17.015,1314.0,1081.0,233.0,1
17.035,1312.0,1085.0,227.0,1
17.055,1321.0,1085.0,236.0,1
17.075,1312.0,1291.0,21.0,1
17.095,1312.0,1306.0,6.0,1
17.115,1314.0,1321.0,-7.0,1
17.135,1312.0,1084.0,228.0,1
17.156,1322.0,1292.0,30.0,1
17.176,1312.0,1069.0,243.0,1
17.196,1313.0,1067.0,246.0,1
17.216,1313.0,1084.0,229.0,1
17.236,1313.0,1067.0,246.0,1
17.256,1322.0,1309.0,13.0,1
17.276,1310.0,1053.0,257.0,1
17.296,1314.0,1067.0,247.0,1
17.316,1313.0,1289.0,24.0,1
17.336,1312.0,1048.0,264.0,1
17.357,1313.0,1338.0,-25.0,1
17.377,1312.0,1069.0,243.0,1
17.397,1315.0,1526.0,-211.0,1
17.417,1312.0,1068.0,244.0,1
17.437,1312.0,1290.0,22.0,1
17.457,1313.0,1068.0,245.0,1
17.477,1312.0,1054.0,258.0,1
17.497,1314.0,1353.0,-39.0,1
17.518,1314.0,1464.0,-150.0,1
17.538,1313.0,1053.0,260.0,1
17.558,1314.0,1183.0,131.0,1
17.578,1313.0,1053.0,260.0,1
17.598,1316.0,1295.0,21.0,1
17.618,1314.0,1309.0,5.0,1
17.638,1315.0,1289.0,26.0,1
17.658,1314.0,1066.0,248.0,1
17.678,1314.0,1068.0,246.0,1
17.699,1314.0,1070.0,244.0,1
17.719,1312.0,1069.0,243.0,1
17.739,1316.0,1096.0,220.0,1
17.759,1313.0,1069.0,244.0,1
17.779,1312.0,1069.0,243.0,1
17.799,1314.0,1070.0,244.0,1
17.819,1314.0,1070.0,244.0,1
17.839,1314.0,1055.0,259.0,1
17.859,1313.0,1291.0,22.0,1
17.879,1312.0,1068.0,244.0,1
17.899,1314.0,1291.0,23.0,1
17.92,1314.0,1134.0,180.0,1
17.94,1314.0,1056.0,258.0,1
17.96,1314.0,1066.0,248.0,1
17.98,1314.0,1085.0,229.0,1
18.001,1313.0,1052.0,261.0,1
18.021,1315.0,1308.0,7.0,1
18.041,1314.0,1293.0,21.0,1
18.061,1316.0,1290.0,26.0,1
18.081,1313.0,1289.0,24.0,1
18.101,1314.0,1128.0,186.0,1
18.121,1313.0,1069.0,244.0,1
18.141,1312.0,1069.0,243.0,1
18.161,1312.0,1071.0,241.0,1
18.182,1313.0,1066.0,247.0,1
18.202,1314.0,1082.0,232.0,1
18.222,1322.0,1068.0,254.0,1
18.242,1313.0,1070.0,243.0,1
18.262,1314.0,1070.0,244.0,1
18.282,1316.0,1320.0,-4.0,1
18.302,1315.0,1494.0,-179.0,1
18.322,1312.0,1084.0,228.0,1
18.342,1312.0,1068.0,244.0,1
18.363,1314.0,1184.0,130.0,1
18.383,1313.0,1069.0,244.0,1
18.403,1314.0,1307.0,7.0,1
18.423,1312.0,1321.0,-9.0,1
18.443,1313.0,1069.0,244.0,1
18.463,1313.0,1069.0,244.0,1
18.483,1313.0,1214.0,99.0,1
18.503,1313.0,1077.0,236.0,1
18.523,1313.0,1066.0,247.0,1
18.543,1315.0,1304.0,11.0,1
18.563,1313.0,1245.0,68.0,1
18.583,1313.0,1086.0,227.0,1
18.604,1312.0,1308.0,4.0,1
18.624,1314.0,1068.0,246.0,1
18.644,1313.0,1067.0,246.0,1
18.664,1313.0,1337.0,-24.0,1
18.684,1313.0,1069.0,244.0,1
18.704,1313.0,1070.0,243.0,1
18.724,1313.0,1067.0,246.0,1
18.744,1313.0,1113.0,200.0,1
18.764,1312.0,1067.0,245.0,1
18.784,1312.0,1306.0,6.0,1
18.804,1314.0,1308.0,6.0,1
18.825,1313.0,1083.0,230.0,1
18.845,1314.0,1307.0,7.0,1
18.865,1313.0,1433.0,-120.0,1
18.885,1314.0,1306.0,8.0,1
18.905,1313.0,1132.0,181.0,1
18.925,1316.0,1307.0,9.0,1
18.945,1312.0,1163.0,149.0,1
18.965,1312.0,1068.0,244.0,1
18.985,1314.0,1083.0,231.0,1
19.005,1314.0,1322.0,-8.0,1
19.025,1314.0,1069.0,245.0,1
19.046,1310.0,1067.0,243.0,1
19.066,1312.0,1065.0,247.0,1
19.086,1312.0,1065.0,247.0,1
19.106,1312.0,1068.0,244.0,1
19.126,1312.0,1069.0,243.0,1
19.146,1312.0,1068.0,244.0,1
19.166,1313.0,1072.0,241.0,1
19.186,1313.0,1096.0,217.0,1
19.207,1312.0,1082.0,230.0,1
19.227,1312.0,1292.0,20.0,1
19.247,1313.0,1070.0,243.0,1
19.267,1314.0,1306.0,8.0,1
19.287,1311.0,1053.0,258.0,1
19.307,1313.0,1259.0,54.0,1
19.327,1311.0,1069.0,242.0,1
19.347,1313.0,1415.0,-102.0,1
19.367,1314.0,1400.0,-86.0,1
19.388,1312.0,1052.0,260.0,1
19.408,1312.0,1066.0,246.0,1
19.428,1313.0,1131.0,182.0,1
19.448,1312.0,1069.0,243.0,1
19.468,1314.0,1200.0,114.0,1
19.488,1312.0,1179.0,133.0,1
19.508,1314.0,1080.0,234.0,1
19.528,1313.0,1312.0,1.0,1
19.548,1314.0,1068.0,246.0,1
19.569,1312.0,1085.0,227.0,1
19.589,1312.0,1292.0,20.0,1
19.609,1312.0,1068.0,244.0,1
19.629,1312.0,1067.0,245.0,1
19.649,1312.0,1291.0,21.0,1
19.669,1313.0,1069.0,244.0,1
19.689,1312.0,1069.0,243.0,1
19.709,1312.0,1067.0,245.0,1
19.729,1312.0,1067.0,245.0,1
19.749,1312.0,1289.0,23.0,1
19.77,1312.0,1069.0,243.0,1
19.79,1312.0,1069.0,243.0,1
19.81,1314.0,1066.0,248.0,1
19.83,1313.0,1081.0,232.0,1
19.85,1312.0,1080.0,232.0,1
19.87,1314.0,1632.0,-318.0,1
19.89,1313.0,1069.0,244.0,1
19.91,1312.0,1070.0,242.0,1
19.93,1312.0,1068.0,244.0,1
19.951,1312.0,1068.0,244.0,1
19.971,1313.0,1068.0,245.0,1
19.991,1314.0,1117.0,197.0,1
20.011,1311.0,1069.0,242.0,1
20.031,1312.0,1068.0,244.0,1
20.051,1314.0,1068.0,246.0,1
20.071,1313.0,1066.0,247.0,1
20.091,1312.0,1068.0,244.0,1
20.111,1312.0,1055.0,257.0,1
20.131,1312.0,1069.0,243.0,1
20.152,1315.0,1301.0,14.0,1
20.172,1312.0,1050.0,262.0,1
20.192,1312.0,1068.0,244.0,1
20.212,1312.0,1069.0,243.0,1
20.232,1313.0,1069.0,244.0,1
20.252,1315.0,1537.0,-222.0,1
20.272,1310.0,1052.0,258.0,1
20.292,1313.0,1275.0,38.0,1
20.312,1312.0,1053.0,259.0,1
20.333,1313.0,1133.0,180.0,1
20.353,1312.0,1085.0,227.0,1
20.373,1312.0,1052.0,260.0,1
20.393,1312.0,1068.0,244.0,1
20.413,1315.0,1525.0,-210.0,1
20.433,1314.0,1069.0,245.0,1
20.453,1312.0,1086.0,226.0,1
20.473,1312.0,1181.0,131.0,1
20.493,1313.0,1067.0,246.0,1
20.514,1312.0,1065.0,247.0,1
20.534,1310.0,1069.0,241.0,1
20.554,1312.0,1069.0,243.0,1
20.574,1312.0,1069.0,243.0,1
20.594,1313.0,1080.0,233.0,1
20.614,1314.0,1660.0,-346.0,1
20.634,1312.0,1068.0,244.0,1
20.654,1312.0,1101.0,211.0,1
20.674,1313.0,1085.0,228.0,1
20.694,1312.0,1068.0,244.0,1
20.715,1312.0,1067.0,245.0,1
20.735,1312.0,1290.0,22.0,1
20.755,1313.0,1069.0,244.0,1
20.775,1312.0,1069.0,243.0,1
20.795,1312.0,1084.0,228.0,1
20.815,1312.0,1066.0,246.0,1
20.835,1312.0,1067.0,245.0,1
20.855,1313.0,1292.0,21.0,1
20.875,1313.0,1085.0,228.0,1
20.896,1312.0,1070.0,242.0,1
20.916,1314.0,1081.0,233.0,1
20.936,1313.0,1082.0,231.0,1
20.956,1313.0,1068.0,245.0,1
20.976,1313.0,1149.0,164.0,1
20.996,1312.0,1070.0,242.0,1
21.016,1312.0,1100.0,212.0,1
21.036,1315.0,1509.0,-194.0,1
21.056,1313.0,1068.0,245.0,1
21.077,1312.0,1217.0,95.0,1
21.097,1311.0,1069.0,242.0,1
21.117,1312.0,1069.0,243.0,1
21.137,1314.0,1320.0,-6.0,1
21.157,1312.0,1068.0,244.0,1
21.177,1322.0,1245.0,77.0,1
21.197,1314.0,1070.0,244.0,1
21.217,1313.0,1069.0,244.0,1
21.238,1314.0,1082.0,232.0,1
21.258,1312.0,1068.0,244.0,1
21.278,1312.0,1305.0,7.0,1
21.298,1313.0,1069.0,244.0,1
21.318,1314.0,1449.0,-135.0,1
21.338,1314.0,1291.0,23.0,1
21.358,1312.0,1082.0,230.0,1
21.378,1313.0,1080.0,233.0,1
21.398,1312.0,1115.0,197.0,1
21.419,1313.0,1525.0,-212.0,1
21.439,1320.0,1540.0,-220.0,1
21.459,1312.0,1068.0,244.0,1
21.479,1312.0,1067.0,245.0,1
21.499,1313.0,1067.0,246.0,1
21.519,1312.0,1069.0,243.0,1
21.539,1311.0,1292.0,19.0,1
21.559,1312.0,1083.0,229.0,1
21.58,1312.0,1067.0,245.0,1
21.6,1313.0,1067.0,246.0,1
21.62,1312.0,1069.0,243.0,1
21.64,1312.0,1086.0,226.0,1
21.66,1312.0,1068.0,244.0,1
21.68,1313.0,1066.0,247.0,1
21.7,1311.0,1066.0,245.0,1
21.72,1312.0,1068.0,244.0,1
21.74,1313.0,1322.0,-9.0,1
21.761,1310.0,1069.0,241.0,1
21.781,1313.0,1100.0,213.0,1
21.801,1314.0,1536.0,-222.0,1
21.821,1314.0,1322.0,-8.0,1
21.841,1313.0,1069.0,244.0,1
21.861,1312.0,1054.0,258.0,1
21.881,1312.0,1070.0,242.0,1
21.901,1312.0,1115.0,197.0,1
21.922,1313.0,1052.0,261.0,1
21.942,1312.0,1069.0,243.0,1
21.962,1312.0,1292.0,20.0,1
21.982,1312.0,1070.0,242.0,1
22.002,1313.0,1213.0,100.0,1
22.022,1313.0,1052.0,261.0,1
22.042,1312.0,1083.0,229.0,1
22.062,1313.0,1054.0,259.0,1
22.082,1312.0,1068.0,244.0,1
22.103,1313.0,1066.0,247.0,1
22.123,1313.0,1288.0,25.0,1
22.143,1312.0,1081.0,231.0,1
22.163,1312.0,1116.0,196.0,1
22.183,1314.0,1069.0,245.0,1
22.203,1312.0,1069.0,243.0,1
22.223,1312.0,1070.0,242.0,1
22.243,1312.0,1068.0,244.0,1
22.263,1315.0,1306.0,9.0,1
22.284,1314.0,1526.0,-212.0,1
22.304,1313.0,1069.0,244.0,1
